{
    "machine": "centrifuge",
    "registryName": "centrifuge_dark_water",
    "recipeTime": 20,
    "requirements": [
        {
            "type": "modularmachinery:energy",
            "io-type": "input",
            "energyPerTick": 256
        },
        {
            "type": "modularmachinery:item",
            "io-type": "output",
            "item": "midnight:ebonys",
            "amount": 1,
            "chance": 0.01
        },
        {
            "type": "modularmachinery:fluid",
            "io-type": "output",
            "fluid": "water",
            "amount": 80
        },
        {
            "type": "modularmachinery:fluid",
            "io-type": "output",
            "fluid": "heavywater",
            "amount": 20
        },
        {
            "type": "modularmachinery:fluid",
            "io-type": "input",
            "fluid": "dark_water",
            "amount": 100
        }
    ]
}
