{
    "machine": "centrifuge",
    "registryName": "centrifuge_miasma",
    "recipeTime": 20,
    "requirements": [
        {
            "type": "modularmachinery:energy",
            "io-type": "input",
            "energyPerTick": 512
        },
        {
            "type": "modularmachinery:item",
            "io-type": "output",
            "item": "midnight:tenebrum_nugget",
            "amount": 1,
            "chance": 0.01
        },
        {
            "type": "modularmachinery:item",
            "io-type": "output",
            "item": "midnight:nagrilite_nugget",
            "amount": 1,
            "chance": 0.02
        },
        {
            "type": "modularmachinery:item",
            "io-type": "output",
            "item": "midnight:ebonys",
            "amount": 1,
            "chance": 0.003
        },
        {
            "type": "modularmachinery:item",
            "io-type": "output",
            "item": "midnight:geode",
            "amount": 1,
            "chance": 0.01
        },
        {
            "type": "modularmachinery:item",
            "io-type": "output",
            "item": "extendedcrafting:material@129",
            "amount": 1,
            "chance": 0.02
        },
        {
            "type": "modularmachinery:item",
            "io-type": "output",
            "item": "extendedcrafting:material@128",
            "amount": 1,
            "chance": 0.01
        },
        {
            "type": "modularmachinery:item",
            "io-type": "output",
            "item": "draconicevolution:nugget@0",
            "amount": 1,
            "chance": 0.01
        },
        {
            "type": "modularmachinery:item",
            "io-type": "output",
            "item": "minecraft:gold_nugget",
            "amount": 1,
            "chance": 0.15
        },
        {
            "type": "modularmachinery:item",
            "io-type": "output",
            "item": "techreborn:nuggets@0",
            "amount": 1,
            "chance": 0.20
        },
        {
            "type": "modularmachinery:item",
            "io-type": "output",
            "item": "techreborn:nuggets@18",
            "amount": 1,
            "chance": 0.18
        },
        {
            "type": "modularmachinery:item",
            "io-type": "output",
            "item": "mekanism:nugget@1",
            "amount": 1,
            "chance": 0.20
        },
        {
            "type": "modularmachinery:item",
            "io-type": "output",
            "item": "techreborn:nuggets@15",
            "amount": 1,
            "chance": 0.10
        },
        {
            "type": "modularmachinery:item",
            "io-type": "output",
            "item": "techreborn:nuggets@10",
            "amount": 1,
            "chance": 0.08
        },
        {
            "type": "modularmachinery:item",
            "io-type": "output",
            "item": "techreborn:nuggets@14",
            "amount": 1,
            "chance": 0.05
        },
        {
            "type": "modularmachinery:item",
            "io-type": "output",
            "item": "techreborn:nuggets@7",
            "amount": 1,
            "chance": 0.02
        },
        {
            "type": "modularmachinery:fluid",
            "io-type": "input",
            "fluid": "miasma",
            "amount": 100
        }
    ]
}
