<?xml version="1.0" encoding="UTF-8" standalone="no"?>
<galaxy>
    <star blackHole="false" name="Sol" numGasGiants="0" numPlanets="0" size="1.0" temp="100" x="0" y="0">
        <planet DIMID="16" name="Sol-16">
            <isKnown>false</isKnown>
            <fogColor>1.0,1.0,1.0</fogColor>
            <skyColor>0.8,0.9457272,0.83577776</skyColor>
            <gravitationalMultiplier>115</gravitationalMultiplier>
            <orbitalDistance>127</orbitalDistance>
            <orbitalTheta>316</orbitalTheta>
            <orbitalPhi>179</orbitalPhi>
            <avgTemperature>255</avgTemperature>
            <rotationalPeriod>15780</rotationalPeriod>
            <atmosphereDensity>108</atmosphereDensity>
            <generateCraters>false</generateCraters>
            <generateVolcanos>false</generateVolcanos>
            <generateStructures>true</generateStructures>
            <generateGeodes>false</generateGeodes>
            <biomeIds>minecraft:ice_mountains,buildcraftenergy:oil_ocean,minecraft:mesa,minecraft:mutated_redwood_taiga,minecraft:mutated_ice_flats</biomeIds>
            <planet DIMID="17" name="Sol-16: 0">
                <isKnown>false</isKnown>
                <fogColor>1.0,1.0,1.0</fogColor>
                <skyColor>0.8,0.56160223,0.77016884</skyColor>
                <gravitationalMultiplier>49</gravitationalMultiplier>
                <orbitalDistance>105</orbitalDistance>
                <orbitalTheta>198</orbitalTheta>
                <orbitalPhi>-348</orbitalPhi>
                <avgTemperature>249</avgTemperature>
                <rotationalPeriod>203996</rotationalPeriod>
                <atmosphereDensity>34</atmosphereDensity>
                <generateCraters>true</generateCraters>
                <generateVolcanos>false</generateVolcanos>
                <generateStructures>false</generateStructures>
                <generateGeodes>false</generateGeodes>
                <craterFrequencyMultiplier>1.0</craterFrequencyMultiplier>
                <biomeIds>minecraft:roofed_forest,minecraft:mutated_savanna_rock,minecraft:mutated_birch_forest_hills,buildcraftenergy:oil_ocean,minecraft:swampland</biomeIds>
            </planet>
        </planet>
        <planet DIMID="0" dimMapping="" name="Earth">
            <isKnown>true</isKnown>
            <fogColor>1.0,1.0,1.0</fogColor>
            <skyColor>1.0,1.0,1.0</skyColor>
            <gravitationalMultiplier>100</gravitationalMultiplier>
            <orbitalDistance>100</orbitalDistance>
            <orbitalTheta>0</orbitalTheta>
            <orbitalPhi>0</orbitalPhi>
            <avgTemperature>287</avgTemperature>
            <rotationalPeriod>24000</rotationalPeriod>
            <atmosphereDensity>100</atmosphereDensity>
            <generateCraters>false</generateCraters>
            <generateVolcanos>false</generateVolcanos>
            <generateStructures>false</generateStructures>
            <generateGeodes>false</generateGeodes>
            <planet DIMID="3" name="Luna">
                <isKnown>false</isKnown>
                <fogColor>1.0,1.0,1.0</fogColor>
                <skyColor>1.0,1.0,1.0</skyColor>
                <gravitationalMultiplier>16</gravitationalMultiplier>
                <orbitalDistance>150</orbitalDistance>
                <orbitalTheta>0</orbitalTheta>
                <orbitalPhi>10</orbitalPhi>
                <avgTemperature>255</avgTemperature>
                <rotationalPeriod>128000</rotationalPeriod>
                <atmosphereDensity>0</atmosphereDensity>
                <generateCraters>true</generateCraters>
                <generateVolcanos>false</generateVolcanos>
                <generateStructures>false</generateStructures>
                <generateGeodes>false</generateGeodes>
                <craterFrequencyMultiplier>1.0</craterFrequencyMultiplier>
                <biomeIds>advancedrocketry:moon,advancedrocketry:moondark</biomeIds>
            </planet>
        </planet>
        <planet DIMID="18" name="Sol-18">
            <isKnown>false</isKnown>
            <fogColor>1.0,1.0,1.0</fogColor>
            <skyColor>0.8,0.77595854,0.0</skyColor>
            <gravitationalMultiplier>130</gravitationalMultiplier>
            <orbitalDistance>20</orbitalDistance>
            <orbitalTheta>249</orbitalTheta>
            <orbitalPhi>153</orbitalPhi>
            <avgTemperature>572</avgTemperature>
            <rotationalPeriod>10923</rotationalPeriod>
            <atmosphereDensity>20</atmosphereDensity>
            <generateCraters>true</generateCraters>
            <generateVolcanos>true</generateVolcanos>
            <generateStructures>false</generateStructures>
            <generateGeodes>false</generateGeodes>
            <craterFrequencyMultiplier>1.0</craterFrequencyMultiplier>
            <volcanoFrequencyMultiplier>1.0</volcanoFrequencyMultiplier>
            <biomeIds>advancedrocketry:moon,advancedrocketry:moondark</biomeIds>
            <planet DIMID="19" name="Sol-18: 0">
                <isKnown>false</isKnown>
                <fogColor>1.0,1.0,1.0</fogColor>
                <skyColor>0.8,0.5858562,0.9710171</skyColor>
                <gravitationalMultiplier>84</gravitationalMultiplier>
                <orbitalDistance>182</orbitalDistance>
                <orbitalTheta>266</orbitalTheta>
                <orbitalPhi>30</orbitalPhi>
                <avgTemperature>189</avgTemperature>
                <rotationalPeriod>40492</rotationalPeriod>
                <atmosphereDensity>22</atmosphereDensity>
                <generateCraters>true</generateCraters>
                <generateVolcanos>false</generateVolcanos>
                <generateStructures>false</generateStructures>
                <generateGeodes>false</generateGeodes>
                <craterFrequencyMultiplier>1.0</craterFrequencyMultiplier>
                <biomeIds>advancedrocketry:moon,advancedrocketry:moondark</biomeIds>
            </planet>
            <oceanBlock>minecraft:lava</oceanBlock>
        </planet>
        <planet DIMID="4" name="Sol-4">
            <isKnown>false</isKnown>
            <GasGiant>true</GasGiant>
            <gas>hydrogen</gas>
            <gas>oxygen</gas>
            <gas>nitrogen</gas>
            <fogColor>1.0,1.0,1.0</fogColor>
            <skyColor>1.0,1.0,1.0</skyColor>
            <gravitationalMultiplier>130</gravitationalMultiplier>
            <orbitalDistance>204</orbitalDistance>
            <orbitalTheta>0</orbitalTheta>
            <orbitalPhi>0</orbitalPhi>
            <avgTemperature>201</avgTemperature>
            <rotationalPeriod>24000</rotationalPeriod>
            <atmosphereDensity>188</atmosphereDensity>
            <generateCraters>false</generateCraters>
            <generateVolcanos>false</generateVolcanos>
            <generateStructures>false</generateStructures>
            <generateGeodes>false</generateGeodes>
        </planet>
        <planet DIMID="5" name="Sol-5">
            <isKnown>false</isKnown>
            <fogColor>1.0,1.0,1.0</fogColor>
            <skyColor>0.8,0.6861126,0.7024013</skyColor>
            <gravitationalMultiplier>130</gravitationalMultiplier>
            <orbitalDistance>95</orbitalDistance>
            <orbitalTheta>321</orbitalTheta>
            <orbitalPhi>-14</orbitalPhi>
            <avgTemperature>295</avgTemperature>
            <rotationalPeriod>10923</rotationalPeriod>
            <atmosphereDensity>144</atmosphereDensity>
            <generateCraters>false</generateCraters>
            <generateVolcanos>false</generateVolcanos>
            <generateStructures>true</generateStructures>
            <generateGeodes>true</generateGeodes>
            <geodefrequencyMultiplier>1.0</geodefrequencyMultiplier>
            <biomeIds>buildcraftenergy:oil_desert,advancedrocketry:oceanspires,minecraft:plains,minecraft:mutated_swampland,minecraft:mutated_jungle</biomeIds>
        </planet>
        <planet DIMID="6" name="Sol-6">
            <isKnown>false</isKnown>
            <fogColor>1.0,1.0,1.0</fogColor>
            <skyColor>0.8,0.68715066,0.7716533</skyColor>
            <gravitationalMultiplier>130</gravitationalMultiplier>
            <orbitalDistance>132</orbitalDistance>
            <orbitalTheta>320</orbitalTheta>
            <orbitalPhi>243</orbitalPhi>
            <avgTemperature>250</avgTemperature>
            <rotationalPeriod>10923</rotationalPeriod>
            <atmosphereDensity>149</atmosphereDensity>
            <generateCraters>false</generateCraters>
            <generateVolcanos>false</generateVolcanos>
            <generateStructures>false</generateStructures>
            <generateGeodes>true</generateGeodes>
            <geodefrequencyMultiplier>1.0</geodefrequencyMultiplier>
            <biomeIds>minecraft:mutated_mesa_rock,minecraft:forest_hills,minecraft:mesa_clear_rock,minecraft:mushroom_island_shore,minecraft:mutated_mesa_clear_rock</biomeIds>
            <planet DIMID="7" name="Sol-6: 0">
                <isKnown>false</isKnown>
                <fogColor>1.0,1.0,1.0</fogColor>
                <skyColor>0.8,0.7494917,0.9574851</skyColor>
                <gravitationalMultiplier>80</gravitationalMultiplier>
                <orbitalDistance>140</orbitalDistance>
                <orbitalTheta>289</orbitalTheta>
                <orbitalPhi>108</orbitalPhi>
                <avgTemperature>216</avgTemperature>
                <rotationalPeriod>46875</rotationalPeriod>
                <atmosphereDensity>13</atmosphereDensity>
                <generateCraters>true</generateCraters>
                <generateVolcanos>false</generateVolcanos>
                <generateStructures>false</generateStructures>
                <generateGeodes>false</generateGeodes>
                <craterFrequencyMultiplier>1.0</craterFrequencyMultiplier>
                <biomeIds>advancedrocketry:moon,advancedrocketry:moondark</biomeIds>
            </planet>
            <planet DIMID="8" name="Sol-6: 1">
                <isKnown>false</isKnown>
                <fogColor>1.0,1.0,1.0</fogColor>
                <skyColor>0.8,0.8036492,1.0</skyColor>
                <gravitationalMultiplier>70</gravitationalMultiplier>
                <orbitalDistance>192</orbitalDistance>
                <orbitalTheta>184</orbitalTheta>
                <orbitalPhi>-212</orbitalPhi>
                <avgTemperature>184</avgTemperature>
                <rotationalPeriod>69970</rotationalPeriod>
                <atmosphereDensity>15</atmosphereDensity>
                <generateCraters>true</generateCraters>
                <generateVolcanos>false</generateVolcanos>
                <generateStructures>false</generateStructures>
                <generateGeodes>false</generateGeodes>
                <craterFrequencyMultiplier>1.0</craterFrequencyMultiplier>
                <seaLevel>73</seaLevel>
                <biomeIds>advancedrocketry:moon,advancedrocketry:moondark</biomeIds>
                <oceanBlock>advancedrocketry:oxygenfluid</oceanBlock>
            </planet>
            <planet DIMID="9" name="Sol-6: 2">
                <isKnown>false</isKnown>
                <fogColor>1.0,1.0,1.0</fogColor>
                <skyColor>0.8,0.504383,0.9914808</skyColor>
                <gravitationalMultiplier>70</gravitationalMultiplier>
                <orbitalDistance>180</orbitalDistance>
                <orbitalTheta>68</orbitalTheta>
                <orbitalPhi>-175</orbitalPhi>
                <avgTemperature>190</avgTemperature>
                <rotationalPeriod>69970</rotationalPeriod>
                <atmosphereDensity>30</atmosphereDensity>
                <generateCraters>true</generateCraters>
                <generateVolcanos>false</generateVolcanos>
                <generateStructures>false</generateStructures>
                <generateGeodes>false</generateGeodes>
                <craterFrequencyMultiplier>1.0</craterFrequencyMultiplier>
                <biomeIds>advancedrocketry:crystalchasms</biomeIds>
            </planet>
        </planet>
        <planet DIMID="10" name="Sol-10">
            <isKnown>false</isKnown>
            <fogColor>1.0,1.0,1.0</fogColor>
            <skyColor>0.8,0.86640775,0.9292909</skyColor>
            <gravitationalMultiplier>98</gravitationalMultiplier>
            <orbitalDistance>120</orbitalDistance>
            <orbitalTheta>140</orbitalTheta>
            <orbitalPhi>-318</orbitalPhi>
            <avgTemperature>233</avgTemperature>
            <rotationalPeriod>25499</rotationalPeriod>
            <atmosphereDensity>35</atmosphereDensity>
            <generateCraters>true</generateCraters>
            <generateVolcanos>false</generateVolcanos>
            <generateStructures>false</generateStructures>
            <generateGeodes>false</generateGeodes>
            <craterFrequencyMultiplier>1.0</craterFrequencyMultiplier>
            <biomeIds>minecraft:ice_flats</biomeIds>
        </planet>
        <planet DIMID="11" name="Sol-11">
            <isKnown>false</isKnown>
            <fogColor>1.0,1.0,1.0</fogColor>
            <skyColor>0.8,0.85736585,0.79505384</skyColor>
            <gravitationalMultiplier>130</gravitationalMultiplier>
            <orbitalDistance>159</orbitalDistance>
            <orbitalTheta>87</orbitalTheta>
            <orbitalPhi>-188</orbitalPhi>
            <avgTemperature>271</avgTemperature>
            <rotationalPeriod>10923</rotationalPeriod>
            <atmosphereDensity>209</atmosphereDensity>
            <generateCraters>false</generateCraters>
            <generateVolcanos>false</generateVolcanos>
            <generateStructures>false</generateStructures>
            <generateGeodes>true</generateGeodes>
            <geodefrequencyMultiplier>1.0</geodefrequencyMultiplier>
            <seaLevel>44</seaLevel>
            <biomeIds>minecraft:mutated_birch_forest_hills,minecraft:frozen_ocean,advancedrocketry:oceanspires,minecraft:frozen_river,minecraft:birch_forest_hills</biomeIds>
        </planet>
        <planet DIMID="12" name="Sol-12">
            <isKnown>false</isKnown>
            <fogColor>1.0,1.0,1.0</fogColor>
            <skyColor>0.8,0.73224187,0.0015465617</skyColor>
            <gravitationalMultiplier>94</gravitationalMultiplier>
            <orbitalDistance>32</orbitalDistance>
            <orbitalTheta>36</orbitalTheta>
            <orbitalPhi>-3</orbitalPhi>
            <avgTemperature>508</avgTemperature>
            <rotationalPeriod>28895</rotationalPeriod>
            <atmosphereDensity>102</atmosphereDensity>
            <generateCraters>false</generateCraters>
            <generateVolcanos>true</generateVolcanos>
            <generateStructures>false</generateStructures>
            <generateGeodes>false</generateGeodes>
            <volcanoFrequencyMultiplier>1.0</volcanoFrequencyMultiplier>
            <biomeIds>advancedrocketry:hotdryrock,advancedrocketry:volcanic,advancedrocketry:volcanicbarren</biomeIds>
            <oceanBlock>minecraft:lava</oceanBlock>
        </planet>
        <planet DIMID="13" name="Sol-13">
            <isKnown>false</isKnown>
            <fogColor>1.0,1.0,1.0</fogColor>
            <skyColor>0.8,0.85252243,0.89115</skyColor>
            <gravitationalMultiplier>130</gravitationalMultiplier>
            <orbitalDistance>116</orbitalDistance>
            <orbitalTheta>258</orbitalTheta>
            <orbitalPhi>102</orbitalPhi>
            <avgTemperature>237</avgTemperature>
            <rotationalPeriod>10923</rotationalPeriod>
            <atmosphereDensity>16</atmosphereDensity>
            <generateCraters>true</generateCraters>
            <generateVolcanos>false</generateVolcanos>
            <generateStructures>false</generateStructures>
            <generateGeodes>false</generateGeodes>
            <craterFrequencyMultiplier>1.0</craterFrequencyMultiplier>
            <seaLevel>80</seaLevel>
            <biomeIds>advancedrocketry:moon,advancedrocketry:moondark</biomeIds>
        </planet>
        <planet DIMID="14" name="Sol-14">
            <isKnown>false</isKnown>
            <fogColor>1.0,1.0,1.0</fogColor>
            <skyColor>0.8,0.5018856,0.6105367</skyColor>
            <gravitationalMultiplier>116</gravitationalMultiplier>
            <orbitalDistance>131</orbitalDistance>
            <orbitalTheta>68</orbitalTheta>
            <orbitalPhi>-55</orbitalPhi>
            <avgTemperature>299</avgTemperature>
            <rotationalPeriod>14607</rotationalPeriod>
            <atmosphereDensity>210</atmosphereDensity>
            <generateCraters>false</generateCraters>
            <generateVolcanos>false</generateVolcanos>
            <generateStructures>false</generateStructures>
            <generateGeodes>true</generateGeodes>
            <geodefrequencyMultiplier>1.0</geodefrequencyMultiplier>
            <biomeIds>minecraft:ice_flats</biomeIds>
            <planet DIMID="15" name="Sol-14: 0">
                <isKnown>false</isKnown>
                <fogColor>1.0,1.0,1.0</fogColor>
                <skyColor>0.8,0.8776873,0.9103458</skyColor>
                <gravitationalMultiplier>73</gravitationalMultiplier>
                <orbitalDistance>140</orbitalDistance>
                <orbitalTheta>129</orbitalTheta>
                <orbitalPhi>205</orbitalPhi>
                <avgTemperature>216</avgTemperature>
                <rotationalPeriod>61693</rotationalPeriod>
                <atmosphereDensity>27</atmosphereDensity>
                <generateCraters>true</generateCraters>
                <generateVolcanos>false</generateVolcanos>
                <generateStructures>false</generateStructures>
                <generateGeodes>false</generateGeodes>
                <craterFrequencyMultiplier>1.0</craterFrequencyMultiplier>
                <biomeIds>advancedrocketry:crystalchasms</biomeIds>
            </planet>
        </planet>
    </star>
    <star blackHole="false" name="Wolf 12" numGasGiants="0" numPlanets="0" size="1.0" temp="10" x="300" y="-200">
        <planet DIMID="20" name="Sol-20">
            <isKnown>false</isKnown>
            <fogColor>1.0,1.0,1.0</fogColor>
            <skyColor>0.37619728,0.5034269,1.0</skyColor>
            <gravitationalMultiplier>116</gravitationalMultiplier>
            <orbitalDistance>50</orbitalDistance>
            <orbitalTheta>122</orbitalTheta>
            <orbitalPhi>132</orbitalPhi>
            <avgTemperature>40</avgTemperature>
            <rotationalPeriod>14984</rotationalPeriod>
            <atmosphereDensity>122</atmosphereDensity>
            <generateCraters>false</generateCraters>
            <generateVolcanos>false</generateVolcanos>
            <generateStructures>false</generateStructures>
            <generateGeodes>false</generateGeodes>
            <biomeIds>minecraft:mutated_jungle_edge,minecraft:savanna,minecraft:forest_hills,minecraft:forest,minecraft:beaches</biomeIds>
        </planet>
        <planet DIMID="21" name="Sol-21">
            <isKnown>false</isKnown>
            <fogColor>1.0,1.0,1.0</fogColor>
            <skyColor>0.37489188,0.88637865,1.0</skyColor>
            <gravitationalMultiplier>130</gravitationalMultiplier>
            <orbitalDistance>91</orbitalDistance>
            <orbitalTheta>114</orbitalTheta>
            <orbitalPhi>-125</orbitalPhi>
            <avgTemperature>30</avgTemperature>
            <rotationalPeriod>10923</rotationalPeriod>
            <atmosphereDensity>146</atmosphereDensity>
            <generateCraters>false</generateCraters>
            <generateVolcanos>false</generateVolcanos>
            <generateStructures>false</generateStructures>
            <generateGeodes>true</generateGeodes>
            <geodefrequencyMultiplier>1.0</geodefrequencyMultiplier>
            <biomeIds>minecraft:savanna_rock,minecraft:mutated_extreme_hills_with_trees,minecraft:mutated_mesa_rock,minecraft:desert_hills,minecraft:mutated_mesa</biomeIds>
            <planet DIMID="22" name="Sol-21: 0">
                <isKnown>false</isKnown>
                <fogColor>1.0,1.0,1.0</fogColor>
                <skyColor>0.35941422,0.8757702,1.0</skyColor>
                <gravitationalMultiplier>63</gravitationalMultiplier>
                <orbitalDistance>177</orbitalDistance>
                <orbitalTheta>281</orbitalTheta>
                <orbitalPhi>-69</orbitalPhi>
                <avgTemperature>19</avgTemperature>
                <rotationalPeriod>95981</rotationalPeriod>
                <atmosphereDensity>36</atmosphereDensity>
                <generateCraters>true</generateCraters>
                <generateVolcanos>false</generateVolcanos>
                <generateStructures>false</generateStructures>
                <generateGeodes>false</generateGeodes>
                <craterFrequencyMultiplier>1.0</craterFrequencyMultiplier>
                <biomeIds>minecraft:jungle,minecraft:stone_beach,minecraft:desert_hills,buildcraftenergy:oil_desert,minecraft:mutated_forest</biomeIds>
            </planet>
            <planet DIMID="23" name="Sol-21: 1">
                <isKnown>false</isKnown>
                <fogColor>1.0,1.0,1.0</fogColor>
                <skyColor>0.36535674,0.7951312,1.0</skyColor>
                <gravitationalMultiplier>42</gravitationalMultiplier>
                <orbitalDistance>104</orbitalDistance>
                <orbitalTheta>39</orbitalTheta>
                <orbitalPhi>-48</orbitalPhi>
                <avgTemperature>25</avgTemperature>
                <rotationalPeriod>323939</rotationalPeriod>
                <atmosphereDensity>24</atmosphereDensity>
                <generateCraters>true</generateCraters>
                <generateVolcanos>false</generateVolcanos>
                <generateStructures>false</generateStructures>
                <generateGeodes>false</generateGeodes>
                <craterFrequencyMultiplier>1.0</craterFrequencyMultiplier>
                <seaLevel>77</seaLevel>
                <biomeIds>advancedrocketry:moon,advancedrocketry:moondark</biomeIds>
                <oceanBlock>advancedrocketry:oxygenfluid</oceanBlock>
            </planet>
            <planet DIMID="24" name="Sol-21: 2">
                <isKnown>false</isKnown>
                <fogColor>1.0,1.0,1.0</fogColor>
                <skyColor>0.30764836,0.7234652,1.0</skyColor>
                <gravitationalMultiplier>82</gravitationalMultiplier>
                <orbitalDistance>106</orbitalDistance>
                <orbitalTheta>236</orbitalTheta>
                <orbitalPhi>-297</orbitalPhi>
                <avgTemperature>24</avgTemperature>
                <rotationalPeriod>43528</rotationalPeriod>
                <atmosphereDensity>21</atmosphereDensity>
                <generateCraters>true</generateCraters>
                <generateVolcanos>false</generateVolcanos>
                <generateStructures>false</generateStructures>
                <generateGeodes>false</generateGeodes>
                <craterFrequencyMultiplier>1.0</craterFrequencyMultiplier>
                <biomeIds>advancedrocketry:moon,advancedrocketry:moondark</biomeIds>
            </planet>
        </planet>
        <planet DIMID="25" name="Sol-25">
            <isKnown>false</isKnown>
            <fogColor>1.0,1.0,1.0</fogColor>
            <skyColor>0.2751153,0.97223115,1.0</skyColor>
            <gravitationalMultiplier>97</gravitationalMultiplier>
            <orbitalDistance>185</orbitalDistance>
            <orbitalTheta>337</orbitalTheta>
            <orbitalPhi>23</orbitalPhi>
            <avgTemperature>18</avgTemperature>
            <rotationalPeriod>26296</rotationalPeriod>
            <atmosphereDensity>8</atmosphereDensity>
            <generateCraters>true</generateCraters>
            <generateVolcanos>false</generateVolcanos>
            <generateStructures>false</generateStructures>
            <generateGeodes>false</generateGeodes>
            <craterFrequencyMultiplier>1.0</craterFrequencyMultiplier>
            <seaLevel>75</seaLevel>
            <biomeIds>advancedrocketry:moon,advancedrocketry:moondark</biomeIds>
            <oceanBlock>advancedrocketry:oxygenfluid</oceanBlock>
        </planet>
        <planet DIMID="26" name="Sol-26">
            <isKnown>false</isKnown>
            <fogColor>1.0,1.0,1.0</fogColor>
            <skyColor>0.32530487,0.71267617,1.0</skyColor>
            <gravitationalMultiplier>91</gravitationalMultiplier>
            <orbitalDistance>162</orbitalDistance>
            <orbitalTheta>283</orbitalTheta>
            <orbitalPhi>-345</orbitalPhi>
            <avgTemperature>22</avgTemperature>
            <rotationalPeriod>31848</rotationalPeriod>
            <atmosphereDensity>154</atmosphereDensity>
            <generateCraters>false</generateCraters>
            <generateVolcanos>false</generateVolcanos>
            <generateStructures>false</generateStructures>
            <generateGeodes>true</generateGeodes>
            <geodefrequencyMultiplier>1.0</geodefrequencyMultiplier>
            <biomeIds>minecraft:mutated_extreme_hills,minecraft:desert,minecraft:mesa_rock,minecraft:jungle,minecraft:mutated_birch_forest</biomeIds>
        </planet>
        <planet DIMID="27" name="Sol-27">
            <isKnown>false</isKnown>
            <fogColor>1.0,1.0,1.0</fogColor>
            <skyColor>0.3578151,0.98303914,1.0</skyColor>
            <gravitationalMultiplier>91</gravitationalMultiplier>
            <orbitalDistance>97</orbitalDistance>
            <orbitalTheta>21</orbitalTheta>
            <orbitalPhi>-68</orbitalPhi>
            <avgTemperature>25</avgTemperature>
            <rotationalPeriod>31848</rotationalPeriod>
            <atmosphereDensity>85</atmosphereDensity>
            <generateCraters>false</generateCraters>
            <generateVolcanos>false</generateVolcanos>
            <generateStructures>false</generateStructures>
            <generateGeodes>false</generateGeodes>
            <biomeIds>minecraft:mesa,minecraft:savanna_rock,minecraft:desert_hills,minecraft:jungle_edge,minecraft:mesa_rock</biomeIds>
        </planet>
    </star>
    <star blackHole="false" name="Epsilon ire" numGasGiants="0" numPlanets="0" size="1.0" temp="170" x="-200" y="80">
        <planet DIMID="32" name="Sol-32">
            <isKnown>false</isKnown>
            <fogColor>1.0,1.0,1.0</fogColor>
            <skyColor>0.8,0.6856694,0.3859917</skyColor>
            <gravitationalMultiplier>88</gravitationalMultiplier>
            <orbitalDistance>123</orbitalDistance>
            <orbitalTheta>121</orbitalTheta>
            <orbitalPhi>5</orbitalPhi>
            <avgTemperature>392</avgTemperature>
            <rotationalPeriod>35217</rotationalPeriod>
            <atmosphereDensity>19</atmosphereDensity>
            <generateCraters>true</generateCraters>
            <generateVolcanos>false</generateVolcanos>
            <generateStructures>false</generateStructures>
            <generateGeodes>false</generateGeodes>
            <craterFrequencyMultiplier>1.0</craterFrequencyMultiplier>
            <biomeIds>advancedrocketry:moon,advancedrocketry:moondark</biomeIds>
        </planet>
        <planet DIMID="33" name="Sol-33">
            <isKnown>false</isKnown>
            <fogColor>1.0,1.0,1.0</fogColor>
            <skyColor>0.8,0.8451251,0.280881</skyColor>
            <gravitationalMultiplier>127</gravitationalMultiplier>
            <orbitalDistance>152</orbitalDistance>
            <orbitalTheta>196</orbitalTheta>
            <orbitalPhi>-225</orbitalPhi>
            <avgTemperature>396</avgTemperature>
            <rotationalPeriod>11716</rotationalPeriod>
            <atmosphereDensity>138</atmosphereDensity>
            <generateCraters>false</generateCraters>
            <generateVolcanos>false</generateVolcanos>
            <generateStructures>true</generateStructures>
            <generateGeodes>true</generateGeodes>
            <geodefrequencyMultiplier>1.0</geodefrequencyMultiplier>
            <seaLevel>52</seaLevel>
            <biomeIds>minecraft:desert_hills,buildcraftenergy:oil_ocean,buildcraftenergy:oil_desert,nuclearcraft:nuclear_wasteland,minecraft:mutated_desert</biomeIds>
            <planet DIMID="34" name="Sol-33: 0">
                <isKnown>false</isKnown>
                <fogColor>1.0,1.0,1.0</fogColor>
                <skyColor>0.8,0.5381447,0.55427444</skyColor>
                <gravitationalMultiplier>70</gravitationalMultiplier>
                <orbitalDistance>176</orbitalDistance>
                <orbitalTheta>298</orbitalTheta>
                <orbitalPhi>-323</orbitalPhi>
                <avgTemperature>327</avgTemperature>
                <rotationalPeriod>69970</rotationalPeriod>
                <atmosphereDensity>27</atmosphereDensity>
                <generateCraters>true</generateCraters>
                <generateVolcanos>false</generateVolcanos>
                <generateStructures>false</generateStructures>
                <generateGeodes>false</generateGeodes>
                <craterFrequencyMultiplier>1.0</craterFrequencyMultiplier>
                <biomeIds>minecraft:mutated_desert,buildcraftenergy:oil_desert,minecraft:jungle_hills,minecraft:desert,minecraft:mutated_savanna</biomeIds>
            </planet>
            <planet DIMID="35" name="Sol-33: 1">
                <isKnown>false</isKnown>
                <fogColor>1.0,1.0,1.0</fogColor>
                <skyColor>0.8,0.8535734,0.5123607</skyColor>
                <gravitationalMultiplier>65</gravitationalMultiplier>
                <orbitalDistance>175</orbitalDistance>
                <orbitalTheta>104</orbitalTheta>
                <orbitalPhi>118</orbitalPhi>
                <avgTemperature>328</avgTemperature>
                <rotationalPeriod>87391</rotationalPeriod>
                <atmosphereDensity>26</atmosphereDensity>
                <generateCraters>true</generateCraters>
                <generateVolcanos>false</generateVolcanos>
                <generateStructures>false</generateStructures>
                <generateGeodes>false</generateGeodes>
                <craterFrequencyMultiplier>1.0</craterFrequencyMultiplier>
                <biomeIds>minecraft:extreme_hills</biomeIds>
            </planet>
            <planet DIMID="36" name="Sol-33: 2">
                <isKnown>false</isKnown>
                <fogColor>1.0,1.0,1.0</fogColor>
                <skyColor>0.8,0.7667309,0.27272105</skyColor>
                <gravitationalMultiplier>84</gravitationalMultiplier>
                <orbitalDistance>105</orbitalDistance>
                <orbitalTheta>52</orbitalTheta>
                <orbitalPhi>-348</orbitalPhi>
                <avgTemperature>424</avgTemperature>
                <rotationalPeriod>40492</rotationalPeriod>
                <atmosphereDensity>22</atmosphereDensity>
                <generateCraters>true</generateCraters>
                <generateVolcanos>false</generateVolcanos>
                <generateStructures>false</generateStructures>
                <generateGeodes>false</generateGeodes>
                <craterFrequencyMultiplier>1.0</craterFrequencyMultiplier>
                <biomeIds>advancedrocketry:moon,advancedrocketry:moondark</biomeIds>
            </planet>
        </planet>
        <planet DIMID="37" name="Sol-37">
            <isKnown>false</isKnown>
            <fogColor>1.0,1.0,1.0</fogColor>
            <skyColor>0.8,0.8041675,0.0</skyColor>
            <gravitationalMultiplier>130</gravitationalMultiplier>
            <orbitalDistance>68</orbitalDistance>
            <orbitalTheta>153</orbitalTheta>
            <orbitalPhi>-36</orbitalPhi>
            <avgTemperature>527</avgTemperature>
            <rotationalPeriod>10923</rotationalPeriod>
            <atmosphereDensity>59</atmosphereDensity>
            <generateCraters>true</generateCraters>
            <generateVolcanos>true</generateVolcanos>
            <generateStructures>false</generateStructures>
            <generateGeodes>false</generateGeodes>
            <craterFrequencyMultiplier>1.0</craterFrequencyMultiplier>
            <volcanoFrequencyMultiplier>1.0</volcanoFrequencyMultiplier>
            <biomeIds>advancedrocketry:hotdryrock,advancedrocketry:volcanic,advancedrocketry:volcanicbarren</biomeIds>
            <oceanBlock>minecraft:lava</oceanBlock>
        </planet>
        <planet DIMID="38" name="Sol-38">
            <isKnown>false</isKnown>
            <fogColor>1.0,1.0,1.0</fogColor>
            <skyColor>0.8,0.88647544,0.45083737</skyColor>
            <gravitationalMultiplier>116</gravitationalMultiplier>
            <orbitalDistance>143</orbitalDistance>
            <orbitalTheta>251</orbitalTheta>
            <orbitalPhi>81</orbitalPhi>
            <avgTemperature>363</avgTemperature>
            <rotationalPeriod>14984</rotationalPeriod>
            <atmosphereDensity>4</atmosphereDensity>
            <generateCraters>true</generateCraters>
            <generateVolcanos>false</generateVolcanos>
            <generateStructures>false</generateStructures>
            <generateGeodes>false</generateGeodes>
            <craterFrequencyMultiplier>1.0</craterFrequencyMultiplier>
            <seaLevel>74</seaLevel>
            <biomeIds>advancedrocketry:moon,advancedrocketry:moondark</biomeIds>
            <oceanBlock>advancedrocketry:oxygenfluid</oceanBlock>
        </planet>
        <planet DIMID="39" name="Sol-39">
            <isKnown>false</isKnown>
            <fogColor>1.0,1.0,1.0</fogColor>
            <skyColor>0.8,0.67622125,0.36550856</skyColor>
            <gravitationalMultiplier>108</gravitationalMultiplier>
            <orbitalDistance>163</orbitalDistance>
            <orbitalTheta>246</orbitalTheta>
            <orbitalPhi>-234</orbitalPhi>
            <avgTemperature>383</avgTemperature>
            <rotationalPeriod>19051</rotationalPeriod>
            <atmosphereDensity>183</atmosphereDensity>
            <generateCraters>false</generateCraters>
            <generateVolcanos>false</generateVolcanos>
            <generateStructures>true</generateStructures>
            <generateGeodes>true</generateGeodes>
            <geodefrequencyMultiplier>1.0</geodefrequencyMultiplier>
            <biomeIds>minecraft:desert_hills</biomeIds>
            <planet DIMID="40" name="Sol-39: 0">
                <isKnown>false</isKnown>
                <fogColor>1.0,1.0,1.0</fogColor>
                <skyColor>0.8,0.56786376,0.48505354</skyColor>
                <gravitationalMultiplier>77</gravitationalMultiplier>
                <orbitalDistance>148</orbitalDistance>
                <orbitalTheta>68</orbitalTheta>
                <orbitalPhi>-55</orbitalPhi>
                <avgTemperature>357</avgTemperature>
                <rotationalPeriod>52570</rotationalPeriod>
                <atmosphereDensity>27</atmosphereDensity>
                <generateCraters>true</generateCraters>
                <generateVolcanos>false</generateVolcanos>
                <generateStructures>false</generateStructures>
                <generateGeodes>false</generateGeodes>
                <craterFrequencyMultiplier>1.0</craterFrequencyMultiplier>
                <biomeIds>minecraft:mutated_jungle_edge,nuclearcraft:nuclear_wasteland,minecraft:savanna,advancedrocketry:volcanicbarren,minecraft:savanna_rock</biomeIds>
            </planet>
            <planet DIMID="41" name="Sol-39: 1">
                <isKnown>false</isKnown>
                <fogColor>1.0,1.0,1.0</fogColor>
                <skyColor>0.8,0.842278,0.6068548</skyColor>
                <gravitationalMultiplier>43</gravitationalMultiplier>
                <orbitalDistance>197</orbitalDistance>
                <orbitalTheta>238</orbitalTheta>
                <orbitalPhi>-113</orbitalPhi>
                <avgTemperature>309</avgTemperature>
                <rotationalPeriod>301860</rotationalPeriod>
                <atmosphereDensity>37</atmosphereDensity>
                <generateCraters>true</generateCraters>
                <generateVolcanos>false</generateVolcanos>
                <generateStructures>false</generateStructures>
                <generateGeodes>false</generateGeodes>
                <craterFrequencyMultiplier>1.0</craterFrequencyMultiplier>
                <biomeIds>minecraft:mushroom_island</biomeIds>
            </planet>
        </planet>
        <planet DIMID="28" name="Sol-28">
            <isKnown>false</isKnown>
            <fogColor>1.0,1.0,1.0</fogColor>
            <skyColor>0.8,0.8883281,0.0</skyColor>
            <gravitationalMultiplier>108</gravitationalMultiplier>
            <orbitalDistance>60</orbitalDistance>
            <orbitalTheta>90</orbitalTheta>
            <orbitalPhi>-249</orbitalPhi>
            <avgTemperature>631</avgTemperature>
            <rotationalPeriod>19051</rotationalPeriod>
            <atmosphereDensity>166</atmosphereDensity>
            <generateCraters>false</generateCraters>
            <generateVolcanos>true</generateVolcanos>
            <generateStructures>false</generateStructures>
            <generateGeodes>true</generateGeodes>
            <volcanoFrequencyMultiplier>1.0</volcanoFrequencyMultiplier>
            <geodefrequencyMultiplier>1.0</geodefrequencyMultiplier>
            <biomeIds>advancedrocketry:hotdryrock,advancedrocketry:volcanic,advancedrocketry:volcanicbarren</biomeIds>
            <oceanBlock>minecraft:lava</oceanBlock>
        </planet>
        <planet DIMID="29" name="Sol-29">
            <isKnown>false</isKnown>
            <fogColor>1.0,1.0,1.0</fogColor>
            <skyColor>0.8,0.7878239,0.5159546</skyColor>
            <gravitationalMultiplier>130</gravitationalMultiplier>
            <orbitalDistance>157</orbitalDistance>
            <orbitalTheta>214</orbitalTheta>
            <orbitalPhi>180</orbitalPhi>
            <avgTemperature>347</avgTemperature>
            <rotationalPeriod>10923</rotationalPeriod>
            <atmosphereDensity>59</atmosphereDensity>
            <generateCraters>true</generateCraters>
            <generateVolcanos>false</generateVolcanos>
            <generateStructures>false</generateStructures>
            <generateGeodes>false</generateGeodes>
            <craterFrequencyMultiplier>1.0</craterFrequencyMultiplier>
            <biomeIds>minecraft:mushroom_island</biomeIds>
            <planet DIMID="30" name="Sol-29: 0">
                <isKnown>false</isKnown>
                <fogColor>1.0,1.0,1.0</fogColor>
                <skyColor>0.8,0.8327419,0.37827307</skyColor>
                <gravitationalMultiplier>79</gravitationalMultiplier>
                <orbitalDistance>125</orbitalDistance>
                <orbitalTheta>20</orbitalTheta>
                <orbitalPhi>295</orbitalPhi>
                <avgTemperature>389</avgTemperature>
                <rotationalPeriod>48677</rotationalPeriod>
                <atmosphereDensity>17</atmosphereDensity>
                <generateCraters>true</generateCraters>
                <generateVolcanos>false</generateVolcanos>
                <generateStructures>false</generateStructures>
                <generateGeodes>false</generateGeodes>
                <craterFrequencyMultiplier>1.0</craterFrequencyMultiplier>
                <seaLevel>75</seaLevel>
                <biomeIds>advancedrocketry:moon,advancedrocketry:moondark</biomeIds>
                <oceanBlock>advancedrocketry:oxygenfluid</oceanBlock>
            </planet>
            <planet DIMID="31" name="Sol-29: 1">
                <isKnown>false</isKnown>
                <fogColor>1.0,1.0,1.0</fogColor>
                <skyColor>0.8,0.8215951,0.5903801</skyColor>
                <gravitationalMultiplier>71</gravitationalMultiplier>
                <orbitalDistance>194</orbitalDistance>
                <orbitalTheta>151</orbitalTheta>
                <orbitalPhi>-191</orbitalPhi>
                <avgTemperature>312</avgTemperature>
                <rotationalPeriod>67055</rotationalPeriod>
                <atmosphereDensity>35</atmosphereDensity>
                <generateCraters>true</generateCraters>
                <generateVolcanos>false</generateVolcanos>
                <generateStructures>false</generateStructures>
                <generateGeodes>false</generateGeodes>
                <craterFrequencyMultiplier>1.0</craterFrequencyMultiplier>
                <biomeIds>minecraft:mutated_forest,nuclearcraft:nuclear_wasteland,minecraft:mutated_mesa_clear_rock,minecraft:jungle,minecraft:jungle_edge</biomeIds>
            </planet>
        </planet>
    </star>
    <star blackHole="false" name="Proxima Centaurs" numGasGiants="0" numPlanets="0" size="1.0" temp="200" x="-150" y="250">
        <planet DIMID="42" name="Sol-42">
            <isKnown>false</isKnown>
            <fogColor>1.0,1.0,1.0</fogColor>
            <skyColor>0.8,0.93882716,0.0</skyColor>
            <gravitationalMultiplier>130</gravitationalMultiplier>
            <orbitalDistance>94</orbitalDistance>
            <orbitalTheta>24</orbitalTheta>
            <orbitalPhi>-97</orbitalPhi>
            <avgTemperature>593</avgTemperature>
            <rotationalPeriod>10923</rotationalPeriod>
            <atmosphereDensity>176</atmosphereDensity>
            <generateCraters>false</generateCraters>
            <generateVolcanos>true</generateVolcanos>
            <generateStructures>false</generateStructures>
            <generateGeodes>true</generateGeodes>
            <volcanoFrequencyMultiplier>1.0</volcanoFrequencyMultiplier>
            <geodefrequencyMultiplier>1.0</geodefrequencyMultiplier>
            <biomeIds>advancedrocketry:hotdryrock,advancedrocketry:volcanic,advancedrocketry:volcanicbarren</biomeIds>
            <oceanBlock>minecraft:lava</oceanBlock>
        </planet>
        <planet DIMID="43" name="Sol-43">
            <isKnown>false</isKnown>
            <fogColor>1.0,1.0,1.0</fogColor>
            <skyColor>0.8,0.7678027,0.16225946</skyColor>
            <gravitationalMultiplier>130</gravitationalMultiplier>
            <orbitalDistance>174</orbitalDistance>
            <orbitalTheta>147</orbitalTheta>
            <orbitalPhi>-188</orbitalPhi>
            <avgTemperature>436</avgTemperature>
            <rotationalPeriod>10923</rotationalPeriod>
            <atmosphereDensity>128</atmosphereDensity>
            <generateCraters>false</generateCraters>
            <generateVolcanos>false</generateVolcanos>
            <generateStructures>true</generateStructures>
            <generateGeodes>true</generateGeodes>
            <geodefrequencyMultiplier>1.0</geodefrequencyMultiplier>
            <biomeIds>advancedrocketry:oceanspires,minecraft:jungle_hills,buildcraftenergy:oil_desert,minecraft:frozen_ocean,minecraft:mutated_savanna</biomeIds>
            <planet DIMID="44" name="Sol-43: 0">
                <isKnown>false</isKnown>
                <fogColor>1.0,1.0,1.0</fogColor>
                <skyColor>0.8,0.71021354,0.18373114</skyColor>
                <gravitationalMultiplier>60</gravitationalMultiplier>
                <orbitalDistance>130</orbitalDistance>
                <orbitalTheta>19</orbitalTheta>
                <orbitalPhi>-64</orbitalPhi>
                <avgTemperature>448</avgTemperature>
                <rotationalPeriod>111111</rotationalPeriod>
                <atmosphereDensity>17</atmosphereDensity>
                <generateCraters>true</generateCraters>
                <generateVolcanos>false</generateVolcanos>
                <generateStructures>false</generateStructures>
                <generateGeodes>false</generateGeodes>
                <craterFrequencyMultiplier>1.0</craterFrequencyMultiplier>
                <biomeIds>advancedrocketry:moon,advancedrocketry:moondark</biomeIds>
            </planet>
            <planet DIMID="45" name="Sol-43: 1">
                <isKnown>false</isKnown>
                <fogColor>1.0,1.0,1.0</fogColor>
                <skyColor>0.8,0.84355927,0.48324233</skyColor>
                <gravitationalMultiplier>71</gravitationalMultiplier>
                <orbitalDistance>199</orbitalDistance>
                <orbitalTheta>247</orbitalTheta>
                <orbitalPhi>68</orbitalPhi>
                <avgTemperature>362</avgTemperature>
                <rotationalPeriod>67055</rotationalPeriod>
                <atmosphereDensity>18</atmosphereDensity>
                <generateCraters>true</generateCraters>
                <generateVolcanos>false</generateVolcanos>
                <generateStructures>false</generateStructures>
                <generateGeodes>false</generateGeodes>
                <craterFrequencyMultiplier>1.0</craterFrequencyMultiplier>
                <biomeIds>advancedrocketry:moon,advancedrocketry:moondark</biomeIds>
            </planet>
        </planet>
        <planet DIMID="46" name="Sol-46">
            <isKnown>false</isKnown>
            <fogColor>1.0,1.0,1.0</fogColor>
            <skyColor>0.8,0.63074595,0.1465258</skyColor>
            <gravitationalMultiplier>97</gravitationalMultiplier>
            <orbitalDistance>131</orbitalDistance>
            <orbitalTheta>5</orbitalTheta>
            <orbitalPhi>-259</orbitalPhi>
            <avgTemperature>447</avgTemperature>
            <rotationalPeriod>26296</rotationalPeriod>
            <atmosphereDensity>36</atmosphereDensity>
            <generateCraters>true</generateCraters>
            <generateVolcanos>false</generateVolcanos>
            <generateStructures>false</generateStructures>
            <generateGeodes>false</generateGeodes>
            <craterFrequencyMultiplier>1.0</craterFrequencyMultiplier>
            <biomeIds>advancedrocketry:volcanicbarren</biomeIds>
        </planet>
    </star>
    <star blackHole="false" name="Magnis Vulpes" numGasGiants="0" numPlanets="0" size="1.0" temp="70" x="-150" y="-250">
        <planet DIMID="48" name="Sol-48">
            <isKnown>false</isKnown>
            <fogColor>1.0,1.0,1.0</fogColor>
            <skyColor>0.8,0.7949892,0.9160984</skyColor>
            <gravitationalMultiplier>95</gravitationalMultiplier>
            <orbitalDistance>87</orbitalDistance>
            <orbitalTheta>357</orbitalTheta>
            <orbitalPhi>-7</orbitalPhi>
            <avgTemperature>216</avgTemperature>
            <rotationalPeriod>27992</rotationalPeriod>
            <atmosphereDensity>122</atmosphereDensity>
            <generateCraters>false</generateCraters>
            <generateVolcanos>false</generateVolcanos>
            <generateStructures>false</generateStructures>
            <generateGeodes>false</generateGeodes>
            <biomeIds>minecraft:mesa_clear_rock,minecraft:roofed_forest,minecraft:mutated_birch_forest,minecraft:mutated_savanna,minecraft:jungle</biomeIds>
        </planet>
        <planet DIMID="47" name="Sol-47">
            <isKnown>false</isKnown>
            <fogColor>1.0,1.0,1.0</fogColor>
            <skyColor>0.8,0.90154266,0.69709396</skyColor>
            <gravitationalMultiplier>109</gravitationalMultiplier>
            <orbitalDistance>50</orbitalDistance>
            <orbitalTheta>265</orbitalTheta>
            <orbitalPhi>-72</orbitalPhi>
            <avgTemperature>284</avgTemperature>
            <rotationalPeriod>18532</rotationalPeriod>
            <atmosphereDensity>135</atmosphereDensity>
            <generateCraters>false</generateCraters>
            <generateVolcanos>false</generateVolcanos>
            <generateStructures>true</generateStructures>
            <generateGeodes>true</generateGeodes>
            <geodefrequencyMultiplier>1.0</geodefrequencyMultiplier>
            <biomeIds>minecraft:mutated_mesa,minecraft:birch_forest,minecraft:forest_hills,minecraft:mutated_mesa_rock,minecraft:savanna</biomeIds>
        </planet>
    </star>
    <star blackHole="false" name="Ma-Roo" numGasGiants="0" numPlanets="0" size="1.0" temp="200" x="50" y="-250">
        <planet DIMID="49" name="Sol-49">
            <isKnown>false</isKnown>
            <fogColor>1.0,1.0,1.0</fogColor>
            <skyColor>0.8,0.9001817,0.0</skyColor>
            <gravitationalMultiplier>127</gravitationalMultiplier>
            <orbitalDistance>76</orbitalDistance>
            <orbitalTheta>47</orbitalTheta>
            <orbitalPhi>-86</orbitalPhi>
            <avgTemperature>660</avgTemperature>
            <rotationalPeriod>11716</rotationalPeriod>
            <atmosphereDensity>181</atmosphereDensity>
            <generateCraters>false</generateCraters>
            <generateVolcanos>true</generateVolcanos>
            <generateStructures>false</generateStructures>
            <generateGeodes>true</generateGeodes>
            <volcanoFrequencyMultiplier>1.0</volcanoFrequencyMultiplier>
            <geodefrequencyMultiplier>1.0</geodefrequencyMultiplier>
            <biomeIds>advancedrocketry:hotdryrock,advancedrocketry:volcanic,advancedrocketry:volcanicbarren</biomeIds>
            <oceanBlock>minecraft:lava</oceanBlock>
        </planet>
        <planet DIMID="50" name="Sol-50">
            <isKnown>false</isKnown>
            <fogColor>1.0,1.0,1.0</fogColor>
            <skyColor>0.8,0.8653945,0.01499933</skyColor>
            <gravitationalMultiplier>130</gravitationalMultiplier>
            <orbitalDistance>108</orbitalDistance>
            <orbitalTheta>75</orbitalTheta>
            <orbitalPhi>17</orbitalPhi>
            <avgTemperature>492</avgTemperature>
            <rotationalPeriod>10923</rotationalPeriod>
            <atmosphereDensity>84</atmosphereDensity>
            <generateCraters>false</generateCraters>
            <generateVolcanos>true</generateVolcanos>
            <generateStructures>false</generateStructures>
            <generateGeodes>false</generateGeodes>
            <volcanoFrequencyMultiplier>1.0</volcanoFrequencyMultiplier>
            <biomeIds>advancedrocketry:hotdryrock,advancedrocketry:volcanic,advancedrocketry:volcanicbarren</biomeIds>
            <planet DIMID="51" name="Sol-50: 0">
                <isKnown>false</isKnown>
                <fogColor>1.0,1.0,1.0</fogColor>
                <skyColor>0.8,0.52850306,0.30525988</skyColor>
                <gravitationalMultiplier>75</gravitationalMultiplier>
                <orbitalDistance>157</orbitalDistance>
                <orbitalTheta>181</orbitalTheta>
                <orbitalPhi>182</orbitalPhi>
                <avgTemperature>408</avgTemperature>
                <rotationalPeriod>56888</rotationalPeriod>
                <atmosphereDensity>22</atmosphereDensity>
                <generateCraters>true</generateCraters>
                <generateVolcanos>false</generateVolcanos>
                <generateStructures>false</generateStructures>
                <generateGeodes>false</generateGeodes>
                <craterFrequencyMultiplier>1.0</craterFrequencyMultiplier>
                <biomeIds>advancedrocketry:moon,advancedrocketry:moondark</biomeIds>
            </planet>
            <oceanBlock>minecraft:lava</oceanBlock>
        </planet>
        <planet DIMID="52" name="Sol-52">
            <isKnown>false</isKnown>
            <fogColor>1.0,1.0,1.0</fogColor>
            <skyColor>0.8,0.6538621,0.13781214</skyColor>
            <gravitationalMultiplier>93</gravitationalMultiplier>
            <orbitalDistance>125</orbitalDistance>
            <orbitalTheta>282</orbitalTheta>
            <orbitalPhi>-280</orbitalPhi>
            <avgTemperature>457</avgTemperature>
            <rotationalPeriod>29837</rotationalPeriod>
            <atmosphereDensity>21</atmosphereDensity>
            <generateCraters>true</generateCraters>
            <generateVolcanos>true</generateVolcanos>
            <generateStructures>false</generateStructures>
            <generateGeodes>false</generateGeodes>
            <craterFrequencyMultiplier>1.0</craterFrequencyMultiplier>
            <volcanoFrequencyMultiplier>1.0</volcanoFrequencyMultiplier>
            <biomeIds>advancedrocketry:moon,advancedrocketry:moondark</biomeIds>
            <oceanBlock>minecraft:lava</oceanBlock>
        </planet>
        <planet DIMID="53" name="Sol-53">
            <isKnown>false</isKnown>
            <fogColor>1.0,1.0,1.0</fogColor>
            <skyColor>0.8,0.75384295,0.0</skyColor>
            <gravitationalMultiplier>104</gravitationalMultiplier>
            <orbitalDistance>100</orbitalDistance>
            <orbitalTheta>319</orbitalTheta>
            <orbitalPhi>-61</orbitalPhi>
            <avgTemperature>684</avgTemperature>
            <rotationalPeriod>20732</rotationalPeriod>
            <atmosphereDensity>203</atmosphereDensity>
            <generateCraters>false</generateCraters>
            <generateVolcanos>true</generateVolcanos>
            <generateStructures>false</generateStructures>
            <generateGeodes>true</generateGeodes>
            <volcanoFrequencyMultiplier>1.0</volcanoFrequencyMultiplier>
            <geodefrequencyMultiplier>1.0</geodefrequencyMultiplier>
            <biomeIds>advancedrocketry:hotdryrock,advancedrocketry:volcanic,advancedrocketry:volcanicbarren</biomeIds>
            <oceanBlock>minecraft:lava</oceanBlock>
        </planet>
        <planet DIMID="54" name="Sol-54">
            <isKnown>false</isKnown>
            <fogColor>1.0,1.0,1.0</fogColor>
            <skyColor>0.8,0.73937637,0.0</skyColor>
            <gravitationalMultiplier>130</gravitationalMultiplier>
            <orbitalDistance>96</orbitalDistance>
            <orbitalTheta>359</orbitalTheta>
            <orbitalPhi>-72</orbitalPhi>
            <avgTemperature>587</avgTemperature>
            <rotationalPeriod>10923</rotationalPeriod>
            <atmosphereDensity>113</atmosphereDensity>
            <generateCraters>false</generateCraters>
            <generateVolcanos>true</generateVolcanos>
            <generateStructures>false</generateStructures>
            <generateGeodes>false</generateGeodes>
            <volcanoFrequencyMultiplier>1.0</volcanoFrequencyMultiplier>
            <biomeIds>advancedrocketry:hotdryrock,advancedrocketry:volcanic,advancedrocketry:volcanicbarren</biomeIds>
            <planet DIMID="55" name="Sol-54: 0">
                <isKnown>false</isKnown>
                <fogColor>1.0,1.0,1.0</fogColor>
                <skyColor>0.8,0.90466946,0.119452775</skyColor>
                <gravitationalMultiplier>44</gravitationalMultiplier>
                <orbitalDistance>129</orbitalDistance>
                <orbitalTheta>61</orbitalTheta>
                <orbitalPhi>113</orbitalPhi>
                <avgTemperature>450</avgTemperature>
                <rotationalPeriod>281743</rotationalPeriod>
                <atmosphereDensity>25</atmosphereDensity>
                <generateCraters>true</generateCraters>
                <generateVolcanos>false</generateVolcanos>
                <generateStructures>false</generateStructures>
                <generateGeodes>false</generateGeodes>
                <craterFrequencyMultiplier>1.0</craterFrequencyMultiplier>
                <seaLevel>72</seaLevel>
                <biomeIds>advancedrocketry:moon,advancedrocketry:moondark</biomeIds>
                <oceanBlock>advancedrocketry:oxygenfluid</oceanBlock>
            </planet>
            <oceanBlock>minecraft:lava</oceanBlock>
        </planet>
        <planet DIMID="56" name="Sol-56">
            <isKnown>false</isKnown>
            <fogColor>1.0,1.0,1.0</fogColor>
            <skyColor>0.8,0.91126406,0.24456078</skyColor>
            <gravitationalMultiplier>103</gravitationalMultiplier>
            <orbitalDistance>138</orbitalDistance>
            <orbitalTheta>87</orbitalTheta>
            <orbitalPhi>-133</orbitalPhi>
            <avgTemperature>435</avgTemperature>
            <rotationalPeriod>21963</rotationalPeriod>
            <atmosphereDensity>73</atmosphereDensity>
            <generateCraters>true</generateCraters>
            <generateVolcanos>false</generateVolcanos>
            <generateStructures>false</generateStructures>
            <generateGeodes>false</generateGeodes>
            <craterFrequencyMultiplier>1.0</craterFrequencyMultiplier>
            <biomeIds>buildcraftenergy:oil_ocean,minecraft:mutated_jungle,minecraft:jungle,nuclearcraft:nuclear_wasteland,minecraft:deep_ocean</biomeIds>
        </planet>
    </star>
    <star blackHole="false" name="Alykitt" numGasGiants="0" numPlanets="0" size="1.0" temp="120" x="75" y="200">
        <planet DIMID="57" name="Sol-57">
            <isKnown>false</isKnown>
            <GasGiant>true</GasGiant>
            <gas>hydrogen</gas>
            <gas>oxygen</gas>
            <gas>nitrogen</gas>
            <fogColor>1.0,1.0,1.0</fogColor>
            <skyColor>1.0,1.0,1.0</skyColor>
            <gravitationalMultiplier>130</gravitationalMultiplier>
            <orbitalDistance>237</orbitalDistance>
            <orbitalTheta>0</orbitalTheta>
            <orbitalPhi>0</orbitalPhi>
            <avgTemperature>224</avgTemperature>
            <rotationalPeriod>24000</rotationalPeriod>
            <atmosphereDensity>139</atmosphereDensity>
            <generateCraters>false</generateCraters>
            <generateVolcanos>false</generateVolcanos>
            <generateStructures>false</generateStructures>
            <generateGeodes>false</generateGeodes>
        </planet>
        <planet DIMID="58" name="Sol-58">
            <isKnown>false</isKnown>
            <fogColor>1.0,1.0,1.0</fogColor>
            <skyColor>0.8,0.9620268,0.0</skyColor>
            <gravitationalMultiplier>88</gravitationalMultiplier>
            <orbitalDistance>25</orbitalDistance>
            <orbitalTheta>4</orbitalTheta>
            <orbitalPhi>-287</orbitalPhi>
            <avgTemperature>690</avgTemperature>
            <rotationalPeriod>35217</rotationalPeriod>
            <atmosphereDensity>157</atmosphereDensity>
            <generateCraters>false</generateCraters>
            <generateVolcanos>true</generateVolcanos>
            <generateStructures>false</generateStructures>
            <generateGeodes>true</generateGeodes>
            <volcanoFrequencyMultiplier>1.0</volcanoFrequencyMultiplier>
            <geodefrequencyMultiplier>1.0</geodefrequencyMultiplier>
            <biomeIds>advancedrocketry:hotdryrock,advancedrocketry:volcanic,advancedrocketry:volcanicbarren</biomeIds>
            <oceanBlock>minecraft:lava</oceanBlock>
        </planet>
        <planet DIMID="59" name="Sol-59">
            <isKnown>false</isKnown>
            <fogColor>1.0,1.0,1.0</fogColor>
            <skyColor>0.8,0.5290853,0.86560583</skyColor>
            <gravitationalMultiplier>109</gravitationalMultiplier>
            <orbitalDistance>155</orbitalDistance>
            <orbitalTheta>196</orbitalTheta>
            <orbitalPhi>-190</orbitalPhi>
            <avgTemperature>246</avgTemperature>
            <rotationalPeriod>18532</rotationalPeriod>
            <atmosphereDensity>98</atmosphereDensity>
            <generateCraters>false</generateCraters>
            <generateVolcanos>false</generateVolcanos>
            <generateStructures>false</generateStructures>
            <generateGeodes>false</generateGeodes>
            <biomeIds>minecraft:ice_flats</biomeIds>
            <planet DIMID="60" name="Sol-59: 0">
                <isKnown>false</isKnown>
                <fogColor>1.0,1.0,1.0</fogColor>
                <skyColor>0.8,0.79797417,0.85565186</skyColor>
                <gravitationalMultiplier>39</gravitationalMultiplier>
                <orbitalDistance>180</orbitalDistance>
                <orbitalTheta>280</orbitalTheta>
                <orbitalPhi>-138</orbitalPhi>
                <avgTemperature>228</avgTemperature>
                <rotationalPeriod>404592</rotationalPeriod>
                <atmosphereDensity>23</atmosphereDensity>
                <generateCraters>true</generateCraters>
                <generateVolcanos>false</generateVolcanos>
                <generateStructures>false</generateStructures>
                <generateGeodes>false</generateGeodes>
                <craterFrequencyMultiplier>1.0</craterFrequencyMultiplier>
                <biomeIds>advancedrocketry:moon,advancedrocketry:moondark</biomeIds>
            </planet>
            <planet DIMID="61" name="Sol-59: 1">
                <isKnown>false</isKnown>
                <fogColor>1.0,1.0,1.0</fogColor>
                <skyColor>0.8,0.77236587,0.8131157</skyColor>
                <gravitationalMultiplier>41</gravitationalMultiplier>
                <orbitalDistance>166</orbitalDistance>
                <orbitalTheta>308</orbitalTheta>
                <orbitalPhi>-301</orbitalPhi>
                <avgTemperature>238</avgTemperature>
                <rotationalPeriod>348224</rotationalPeriod>
                <atmosphereDensity>27</atmosphereDensity>
                <generateCraters>true</generateCraters>
                <generateVolcanos>false</generateVolcanos>
                <generateStructures>false</generateStructures>
                <generateGeodes>false</generateGeodes>
                <craterFrequencyMultiplier>1.0</craterFrequencyMultiplier>
                <biomeIds>advancedrocketry:volcanicbarren,minecraft:mutated_redwood_taiga,minecraft:ocean,minecraft:mutated_jungle_edge,minecraft:forest_hills</biomeIds>
            </planet>
        </planet>
        <planet DIMID="62" name="Sol-62">
            <isKnown>false</isKnown>
            <fogColor>1.0,1.0,1.0</fogColor>
            <skyColor>0.8,0.8840934,0.76181376</skyColor>
            <gravitationalMultiplier>130</gravitationalMultiplier>
            <orbitalDistance>124</orbitalDistance>
            <orbitalTheta>349</orbitalTheta>
            <orbitalPhi>156</orbitalPhi>
            <avgTemperature>275</avgTemperature>
            <rotationalPeriod>10923</rotationalPeriod>
            <atmosphereDensity>0</atmosphereDensity>
            <generateCraters>true</generateCraters>
            <generateVolcanos>false</generateVolcanos>
            <generateStructures>false</generateStructures>
            <generateGeodes>false</generateGeodes>
            <craterFrequencyMultiplier>1.0</craterFrequencyMultiplier>
            <biomeIds>advancedrocketry:moon,advancedrocketry:moondark</biomeIds>
        </planet>
    </star>
</galaxy>
