[
  {
    "placeType": "Any",
    "layerType": "Cutout",
    "hasGUI": true,
    "extraVariants": [],
    "resourceName": "item_gate",
    "model": "requious:assembly_block",
    "colors": [
      {
        "r": 255,
        "g": 255,
        "b": 255,
        "a": 255
      }
    ],
    "hardness": 5.0,
    "blastResistance": 5.0,
    "aabb": {
      "x1": 0.0,
      "y1": 0.0,
      "z1": 0.0,
      "x2": 1.0,
      "y2": 1.0,
      "z2": 1.0
    }
  },
  {
    "placeType": "Any",
    "layerType": "Cutout",
    "hasGUI": true,
    "extraVariants": [],
    "resourceName": "laser",
    "model": "requious:assembly_laser",
    "colors": [
      {
        "r": 255,
        "g": 255,
        "b": 255,
        "a": 255
      }
    ],
    "hardness": 5.0,
    "blastResistance": 5.0,
    "aabb": {
      "x1": 0.0,
      "y1": 0.0,
      "z1": 0.0,
      "x2": 1.0,
      "y2": 1.0,
      "z2": 1.0
    }
  },
  {
    "placeType": "Any",
    "layerType": "Cutout",
    "hasGUI": true,
    "extraVariants": [],
    "resourceName": "assembler",
    "model": "requious:assembly_slab",
    "colors": [
      {
        "r": 255,
        "g": 255,
        "b": 255,
        "a": 255
      }
    ],
    "hardness": 5.0,
    "blastResistance": 5.0,
    "aabb": {
      "x1": 0.0,
      "y1": 0.0,
      "z1": 0.0,
      "x2": 1.0,
      "y2": 1.0,
      "z2": 1.0
    }
  }
]