
{
  "ID": 44,
  "Name": "Nuclear Wasteland",
  "Resource Location": "nuclearcraft:nuclear_wasteland",
  "Class": "nc.worldgen.biome.BiomeNuclearWasteland",
  "Root Height": 0.12,
  "Height Variation": 0.02,
  "Top Block": "nuclearcraft:dry_earth",
  "Filler Block": "minecraft:sand[variant\u003dsand]",
  "Ocean Top Block": "Disabled. Activate in BiomeTweakerCore.",
  "Ocean Filler Block": "Disabled. Activate in BiomeTweakerCore.",
  "Actual Filler Blocks": "Disabled. Activate in BiomeTweakerCore.",
  "Grass Color": "Disabled. Activate in BiomeTweakerCore.",
  "Foliage Color": "Disabled. Activate in BiomeTweakerCore.",
  "Water Color": "10046464",
  "Temperature": 2.0,
  "Humidity": 0.5,
  "Water Tint": 10046464,
  "Enable Rain": false,
  "Enable Snow": false,
  "Dictionary Types": [
    "DEAD",
    "DRY",
    "PLAINS",
    "WASTELAND",
    "SPARSE",
    "HOT",
    "SAVANNA"
  ],
  "BiomeManager Entries": {
    "DESERT Weights": [
      5
    ]
  },
  "Spawnable Creatures": [
    {
      "Entity Class": "nc.entity.EntityFeralGhoul",
      "Weight": 32767,
      "Min Group Count": 1,
      "Max Group Count": 2
    }
  ],
  "Spawnable Monsters": [
    {
      "Entity Class": "nc.entity.EntityFeralGhoul",
      "Weight": 32767,
      "Min Group Count": 1,
      "Max Group Count": 1
    }
  ],
  "Spawnable Water Creatures": [],
  "Spawnable Cave Creatures": [],
  "Spawn Biome": true,
  "Tweaked": false
}