{
  "populate": {
    "chromite": {
        "distribution": "uniform",
        "generator": {
          "type": "sparse-cluster"
          "block": {
            "name": "contenttweaker:sub_block_holder_0",
            "metadata": 6
          },
          "material": "minecraft:stone",
          "cluster-size": 4,
        },
        "cluster-count": 1,
        "chunk-chance": 5,
        "min-height": 1,
        "max-height": 14,
        "retrogen": "true",
        "biome": "all",
        "dimensions": {
          "restriction": "blacklist",
          "value": [
            -1,
            1
          ]
        }
    }
  }
}
