{
  "populate": {
    "copper": {
        "distribution": "uniform",
        "generator": {
          "block": {
            "name": "forestry:resources",
            "metadata": 1
          },
          "material": "minecraft:stone",
          "cluster-size": 12
        },
        "cluster-count": 20,
        "min-height": 0,
        "max-height": 128,
        "retrogen": "true",
        "biome": "all",
        "dimensions": {
          "restriction": "blacklist",
          "value": [
            -1,
            1
          ]
        }
    },

    "tin": {
        "distribution": "uniform",
        "generator": {
          "block": {
            "name": "forestry:resources",
            "metadata": 2
          },
          "material": "minecraft:stone",
          "cluster-size": 6
        },
        "cluster-count": 15,
        "min-height": 0,
        "max-height": 96,
        "retrogen": "true",
        "biome": "all",
        "dimensions": {
          "restriction": "blacklist",
          "value": [
            -1,
            1
          ]
        }
    },

    "aluminium": {
        "distribution": "uniform",
        "generator": {
          "block": {
            "name": "embers:ore_aluminum",
          },
          "material": "minecraft:stone",
          "cluster-size": 4
        },
        "cluster-count": 10,
        "min-height": 0,
        "max-height": 64,
        "retrogen": "true",
        "biome": "all",
        "dimensions": {
          "restriction": "blacklist",
          "value": [
            -1,
            1
          ]
        }
    },

    "nickel": {
        "distribution": "uniform",
        "generator": {
          "block": {
            "name": "embers:ore_nickel",
          },
          "material": "minecraft:stone",
          "cluster-size": 4
        },
        "cluster-count": 8,
        "min-height": 0,
        "max-height": 48,
        "retrogen": "true",
        "biome": "all",
        "dimensions": {
          "restriction": "blacklist",
          "value": [
            -1,
            1
          ]
        }
    },

    "silver": {
        "distribution": "uniform",
        "generator": {
          "block": {
            "name": "immersiveengineering:ore",
            "metadata": 3
          },
          "material": "minecraft:stone",
          "cluster-size": 3
        },
        "cluster-count": 10,
        "min-height": 0,
        "max-height": 32,
        "retrogen": "true",
        "biome": "all",
        "dimensions": {
          "restriction": "blacklist",
          "value": [
            -1,
            1
          ]
        }
    },

    "lead": {
        "distribution": "uniform",
        "generator": {
          "block": {
            "name": "immersiveengineering:ore",
            "metadata": 2
          },
          "material": "minecraft:stone",
          "cluster-size": 5
        },
        "cluster-count": 14,
        "min-height": 0,
        "max-height": 48,
        "retrogen": "true",
        "biome": "all",
        "dimensions": {
          "restriction": "blacklist",
          "value": [
            -1,
            1
          ]
        }
    },

    "osmium": {
        "distribution": "uniform",
        "generator": {
          "block": {
            "name": "mekanism:oreblock",
            "metadata": 0
          },
          "material": "minecraft:stone",
          "cluster-size": 6
        },
        "cluster-count": 8,
        "min-height": 0,
        "max-height": 40,
        "retrogen": "true",
        "biome": "all",
        "dimensions": {
          "restriction": "blacklist",
          "value": [
            -1,
            1
          ]
        }
    },

    "electrotine": {
        "distribution": "uniform",
        "generator": {
          "block": {
            "name": "projectred-exploration:ore",
            "metadata": 6
          },
          "material": "minecraft:stone",
          "cluster-size": 2
        },
        "cluster-count": 4,
        "min-height": 0,
        "max-height": 16,
        "retrogen": "true",
        "biome": "all",
        "dimensions": {
          "restriction": "blacklist",
          "value": [
            -1,
            1
          ]
        }
    },

    "zinc": {
        "distribution": "uniform",
        "generator": {
          "block": {
            "name": "embers:ore_nickel",
          },
          "material": "minecraft:stone",
          "cluster-size": 1
        },
        "cluster-count": 4,
        "min-height": 0,
        "max-height": 64,
        "retrogen": "true",
        "biome": "all",
        "dimensions": {
          "restriction": "blacklist",
          "value": [
            -1,
            1
          ]
        }
    }
  }
}
