{
    "registryname": "assembler",
    "localizedname": "Advanced Assembler",
    "color": "e0dfda",
    "requires-blueprint": true,
    "modifiers": [
      {
        "elements": "modularmachinery:blockcasing@5",
        "x": 0,
        "y": 1,
        "z": 0,
        "description": "Replace the block above the controller with Machine Circuitry for 1.1x output at the cost of 40% (1.4x) increased energy usage",
        "modifiers": [
          {
        "target": "modularmachinery:item",
        "io": "output",
        "operation": 1,
        "multiplier": 1.1,
        "affectChance": true
          },
          {
        "target": "modularmachinery:energy",
        "io": "input",
        "operation": 1,
        "multiplier": 1.4
          }
        ]
      },
      {
        "elements": "mekanism:basicblock@8",
        "x": 0,
        "y": 1,
        "z": 0,
        "description": "Replace the block above the controller with Steel Casing for 1.2x output at the cost of 60% (1.6x) increased energy usage",
        "modifiers": [
          {
        "target": "modularmachinery:item",
        "io": "output",
        "operation": 1,
        "multiplier": 1.2,
        "affectChance": true
          },
          {
        "target": "modularmachinery:energy",
        "io": "input",
        "operation": 1,
        "multiplier": 1.6
          }
        ]
      },
      {
        "elements": "techreborn:storage2@1",
        "x": 0,
        "y": 1,
        "z": 0,
        "description": "Replace the block above the controller with an Iridium Reinforced Tungstensteel Block for 1.35x output at the cost of 90% (1.9x) increased energy usage",
        "modifiers": [
          {
        "target": "modularmachinery:item",
        "io": "output",
        "operation": 1,
        "multiplier": 1.35,
        "affectChance": true
          },
          {
        "target": "modularmachinery:energy",
        "io": "input",
        "operation": 1,
        "multiplier": 1.8
          }
        ]
      },
      {
        "elements": "nuclearcraft:block_depleted_curium",
        "x": 0,
        "y": 1,
        "z": 0,
        "description": "Replace the block above the controller with a Curium-246 Block for 1.75x output at the cost of 200% (3x) increased energy usage",
        "modifiers": [
          {
        "target": "modularmachinery:item",
        "io": "output",
        "operation": 1,
        "multiplier": 1.75,
        "affectChance": true
          },
          {
        "target": "modularmachinery:energy",
        "io": "input",
        "operation": 1,
        "multiplier": 3.0
          }
        ]
      },
      {
        "elements": "draconicevolution:draconic_block",
        "x": 0,
        "y": 1,
        "z": 0,
        "description": "Replace the block above the controller with an Awakened Draconium Block for 2.5x output at the cost of 650% (7.5x) increased energy usage",
        "modifiers": [
          {
        "target": "modularmachinery:item",
        "io": "output",
        "operation": 1,
        "multiplier": 2.5,
        "affectChance": true
          },
          {
        "target": "modularmachinery:energy",
        "io": "input",
        "operation": 1,
        "multiplier": 7.5
          }
        ]
      },
      {
        "elements": "extendedcrafting:storage@4",
        "x": 0,
        "y": 1,
        "z": 0,
        "description": "Replace the block above the controller with a Block of The Ultimate for 10x output at the cost of 3900% (40x) increased energy usage",
        "modifiers": [
          {
        "target": "modularmachinery:item",
        "io": "output",
        "operation": 1,
        "multiplier": 10.0,
        "affectChance": true
          },
          {
        "target": "modularmachinery:energy",
        "io": "input",
        "operation": 1,
        "multiplier": 40.0
          }
        ]
      }
        ],
    "parts": [
        {
            "x": -1,
            "y": 0,
            "z": 0,
            "elements": [
                "modularmachinery:blockcasing@4"
            ]
        },
        {
            "x": -1,
            "y": 0,
            "z": 1,
            "elements": [
                "casings_all"
            ]
        },
        {
            "x": -1,
            "y": 2,
            "z": 3,
            "elements": [
                "modularmachinery:blockcasing@0"
            ]
        },
        {
            "x": 0,
            "y": 2,
            "z": 2,
            "elements": [
                "modularmachinery:blockcasing@0"
            ]
        },
        {
            "x": 1,
            "y": 2,
            "z": 1,
            "elements": [
                "modularmachinery:blockcasing@0"
            ]
        },
        {
            "x": 0,
            "y": 0,
            "z": 1,
            "elements": [
                "modularmachinery:blockcasing@3"
            ]
        },
        {
            "x": 1,
            "y": 0,
            "z": 0,
            "elements": [
                "modularmachinery:blockcasing@4"
            ]
        },
        {
            "x": -1,
            "y": 0,
            "z": 2,
            "elements": [
                "casings_all"
            ]
        },
        {
            "x": -1,
            "y": 2,
            "z": 4,
            "elements": [
                "modularmachinery:blockcasing@4"
            ]
        },
        {
            "x": 0,
            "y": 2,
            "z": 3,
            "elements": [
                "modularmachinery:blockcasing@3"
            ]
        },
        {
            "x": 1,
            "y": 2,
            "z": 2,
            "elements": [
                "modularmachinery:blockcasing@0"
            ]
        },
        {
            "x": 1,
            "y": 0,
            "z": 1,
            "elements": [
                "casings_all"
            ]
        },
        {
            "x": 0,
            "y": 0,
            "z": 2,
            "elements": [
                "modularmachinery:blockcasing@0"
            ]
        },
        {
            "x": -1,
            "y": 0,
            "z": 3,
            "elements": [
                "casings_all"
            ]
        },
        {
            "x": 0,
            "y": 2,
            "z": 4,
            "elements": [
                "modularmachinery:blockcasing@0"
            ]
        },
        {
            "x": 1,
            "y": 2,
            "z": 3,
            "elements": [
                "modularmachinery:blockcasing@0"
            ]
        },
        {
            "x": 0,
            "y": 0,
            "z": 3,
            "elements": [
                "modularmachinery:blockcasing@3"
            ]
        },
        {
            "x": -1,
            "y": 0,
            "z": 4,
            "elements": [
                "modularmachinery:blockcasing@4"
            ]
        },
        {
            "x": 1,
            "y": 2,
            "z": 4,
            "elements": [
                "modularmachinery:blockcasing@4"
            ]
        },
        {
            "x": 1,
            "y": 0,
            "z": 2,
            "elements": [
                "casings_all"
            ]
        },
        {
            "x": 0,
            "y": 0,
            "z": 4,
            "elements": [
                "modularmachinery:blockcasing@0"
            ]
        },
        {
            "x": 1,
            "y": 0,
            "z": 3,
            "elements": [
                "casings_all"
            ]
        },
        {
            "x": 1,
            "y": 0,
            "z": 4,
            "elements": [
                "modularmachinery:blockcasing@4"
            ]
        },
        {
            "x": -1,
            "y": 1,
            "z": 0,
            "elements": [
                "modularmachinery:blockcasing@1"
            ]
        },
        {
            "x": 0,
            "y": 1,
            "z": 0,
            "elements": [
                "reinforced_glass"
            ]
        },
        {
            "x": -1,
            "y": 1,
            "z": 1,
            "elements": [
                "reinforced_glass"
            ]
        },
        {
            "x": 1,
            "y": 1,
            "z": 0,
            "elements": [
                "modularmachinery:blockcasing@1"
            ]
        },
        {
            "x": -1,
            "y": 1,
            "z": 2,
            "elements": [
                "reinforced_glass"
            ]
        },
        {
            "x": 1,
            "y": 1,
            "z": 1,
            "elements": [
                "reinforced_glass"
            ]
        },
        {
            "x": -1,
            "y": 1,
            "z": 3,
            "elements": [
                "reinforced_glass"
            ]
        },
        {
            "x": 1,
            "y": 1,
            "z": 2,
            "elements": [
                "reinforced_glass"
            ]
        },
        {
            "x": -1,
            "y": 1,
            "z": 4,
            "elements": [
                "modularmachinery:blockcasing@1"
            ]
        },
        {
            "x": 0,
            "y": 1,
            "z": 4,
            "elements": [
                "casings_all"
            ]
        },
        {
            "x": 1,
            "y": 1,
            "z": 3,
            "elements": [
                "reinforced_glass"
            ]
        },
        {
            "x": 1,
            "y": 1,
            "z": 4,
            "elements": [
                "modularmachinery:blockcasing@1"
            ]
        },
        {
            "x": -1,
            "y": 2,
            "z": 0,
            "elements": [
                "modularmachinery:blockcasing@4"
            ]
        },
        {
            "x": -1,
            "y": 2,
            "z": 1,
            "elements": [
                "modularmachinery:blockcasing@0"
            ]
        },
        {
            "x": 0,
            "y": 2,
            "z": 0,
            "elements": [
                "modularmachinery:blockcasing@0"
            ]
        },
        {
            "x": -1,
            "y": 2,
            "z": 2,
            "elements": [
                "modularmachinery:blockcasing@0"
            ]
        },
        {
            "x": 0,
            "y": 2,
            "z": 1,
            "elements": [
                "modularmachinery:blockcasing@3"
            ]
        },
        {
            "x": 1,
            "y": 2,
            "z": 0,
            "elements": [
                "modularmachinery:blockcasing@4"
            ]
        }
    ]}
