{"stat.useItem.minecraft.bow":2,"stat.craftItem.techreborn.dust":40,"stat.useItem.embers.ore_tin":1,"stat.leaveGame":86,"stat.pickup.calculator.powercube":3,"stat.drop.extrautils2.machine":1,"stat.pickup.calculator.atomiccalculator":2,"stat.pickup.minecraft.deadbush":1,"stat.useItem.advancedrocketry.planks":1,"stat.pickup.mekanism.gastank":1,"stat.pickup.extratrees.logs.2":58,"stat.mineBlock.soot.sulfur_ore":1,"stat.pickup.advancedrocketry.planetselector":1,"stat.useItem.minecraft.planks":8,"stat.pickup.techreborn.ingot":2,"stat.useItem.techreborn.debug":1,"stat.pickup.minecraft.glass":64,"stat.useItem.betterbuilderswands.wandunbreakable":12,"stat.useItem.minecraft.water_bucket":44,"stat.useItem.techreborn.storage2":2,"stat.pickup.minecraft.rotten_flesh":9,"stat.useItem.minecraft.diamond_hoe":11,"stat.pickup.minecraft.sand":2,"stat.pickup.minecraft.hardened_clay":1,"stat.pickup.calculator.weathercontroller":1,"stat.pickup.minecraft.name_tag":1,"stat.pickup.stevescarts.cartmodule":2,"stat.useItem.extracells.part.base":1,"stat.pickup.modularmachinery.blockinputbus":1,"stat.useItem.contenttweaker.sub_block_holder_0":1,"stat.mineBlock.rftoolsdim.fake_sand":2,"stat.trappedChestTriggered":6,"stat.useItem.techreborn.storage":1,"stat.drop.soot.ingot_antimony":1,"stat.pickup.minecraft.wooden_shovel":2,"stat.pickup.soot.ingot_antimony":1,"stat.furnaceInteraction":103,"stat.pickup.draconicevolution.wyvern_core":2,"stat.pickup.actuallyadditions.item_solidified_experience":4,"stat.pickup.embers.archaic_brick":23,"stat.pickup.minecraft.sponge":64,"stat.useItem.calculator.calculatorlocator":1,"stat.pickup.minecraft.beef":4,"stat.useItem.ic2.fluid_cell":1,"stat.useItem.minecraft.redstone":2,"stat.useItem.immersiveengineering.wooden_decoration":1,"stat.useItem.minecraft.trapdoor":1,"stat.useItem.techreborn.machine_casing":73,"stat.pickup.stevescarts.upgrade":64,"stat.pickup.extendedcrafting.material":107,"stat.pickup.ic2.dust":7,"stat.useItem.modularmachinery.blockcasing":36,"stat.pickup.pneumaticcraft.empty_pcb":1,"stat.killEntity.Horse":1,"stat.useItem.minecraft.flint_and_steel":4,"stat.pickup.ic2.misc_resource":59,"stat.useItem.immersiveengineering.metal_multiblock":5,"stat.useItem.minecraft.dye":31,"stat.pickup.minecraft.lever":1,"stat.deaths":3,"stat.pickup.minecraft.egg":1,"stat.playOneMinute":6699409,"stat.useItem.ic2.refractory_bricks":26,"stat.useItem.immersiveengineering.wooden_device0":1,"stat.pickup.calculator.creativepowercube":1,"stat.pickup.extrautils2.ironwood_log":1,"stat.useItem.extrautils2.ironwood_log":2,"stat.pickup.modularmachinery.blockcasing":3,"stat.chestOpened":199,"stat.useItem.minecraft.splash_potion":2,"stat.pickup.minecraft.pumpkin":1,"stat.pickup.minecraft.spruce_door":1,"stat.useItem.ic2.cable":7,"stat.useItem.extendedcrafting.recipe_maker":1,"stat.pickup.immersiveengineering.material":32,"stat.useItem.minecraft.stone":44,"stat.pickup.calculator.transmitter":1,"stat.craftItem.advancedrocketry.planks":8,"stat.pickup.minecraft.arrow":5,"stat.pickup.calculator.moduleworkstation":2,"stat.useItem.buildcraftcore.decorated":2,"stat.pickup.calculator.starchextractor":1,"stat.pickup.extendedcrafting.crafting_core":1,"stat.useItem.nuclearcraft.salt_fission_wall":2,"stat.pickup.calculator.fabricationchamber":6,"stat.pickup.techreborn.dust":9,"stat.pickup.progressiveautomation.miner_wooden":1,"stat.craftItem.minecraft.coal":49,"stat.pickup.minecraft.cooked_chicken":1,"stat.fallOneCm":2508,"stat.pickup.calculator.soil":1,"stat.crouchOneCm":71136,"stat.pickup.extracells.storage.physical":6,"stat.craftItem.minecraft.iron_ingot":139,"stat.useItem.forestry.fertilizer_compound":7,"stat.craftItem.minecraft.hopper":2,"stat.craftingTableInteraction":1215,"stat.pickup.pneumaticcraft.ingot_iron_compressed":64,"stat.pickup.calculator.calculatorlocator":2,"stat.pickup.minecraft.wooden_pickaxe":2,"stat.pickup.minecraft.feather":1,"stat.useItem.minecraft.furnace":1,"stat.useItem.botany.itemflower":8,"stat.useItem.soot.mug":1,"stat.pickup.immersiveengineering.stone_decoration":1,"stat.pickup.minecraft.dye":1,"stat.pickup.minecraft.planks":254,"stat.craftItem.extrautils2.terraformer":1,"stat.pickup.enderio.item_material":6,"stat.pickup.actuallyadditions.block_atomic_reconstructor":1,"stat.craftItem.rftools.storage_module_tablet":1,"stat.mineBlock.minecraft.dirt":5,"stat.drop.minecraft.record_11":1,"stat.mineBlock.extrautils2.ironwood_log":14,"stat.pickup.minecraft.record_11":1,"stat.pickup.extrautils2.ironwood_planks":13,"stat.useItem.enderio.item_redstone_conduit":4,"stat.useItem.ic2.wrench_new":6,"stat.useItem.minecraft.log":1,"stat.pickup.minecraft.crafting_table":2,"stat.craftItem.minecraft.crafting_table":1,"stat.pickup.ic2.sheet":3,"stat.pickup.calculator.reinforcedfurnace":2,"stat.drop.nuclearcraft.part":2,"stat.pickup.minecraft.redstone_block":2,"stat.pickup.extendedcrafting.storage":2,"stat.craftItem.nuclearcraft.salt_fission_beam":2,"stat.pickup.nuclearcraft.part":2,"stat.drop.minecraft.iron_ore":3,"stat.useItem.minecraft.yellow_flower":6,"stat.pickup.calculator.co2generator":5,"stat.drop.embers.vacuum":2,"stat.pickup.minecraft.web":1,"stat.pickup.minecraft.sapling":2,"stat.pickup.industrialforegoing.resourceful_furnace":1,"stat.useItem.requious.tuning_fork":1,"stat.pickup.minecraft.coal_block":252,"stat.useItem.calculator.storagemodule":3,"stat.pickup.advancedrocketry.planks":1,"stat.craftItem.minecraft.planks":6,"stat.useItem.techreborn.cable":3,"stat.pickup.calculator.dynamiccalculator":2,"stat.useItem.embers.ore_copper":1,"stat.useItem.nuclearcraft.radaway_slow":1,"stat.pickup.techreborn.plates":28,"stat.pickup.embers.ancient_motive_core":3,"stat.killEntity.BabySkeleton":1,"stat.pickup.minecraft.red_flower":1,"stat.sneakTime":26000,"stat.pickup.minecraft.wool":4,"stat.pickup.minecraft.yellow_flower":18,"stat.craftItem.techreborn.smalldust":4,"stat.useItem.ic2.glass":11,"stat.mineBlock.extrautils2.ironwood_leaves":116,"stat.pickup.minecraft.bone":6,"stat.pickup.embers.tinker_hammer":1,"stat.useItem.immersiveengineering.ore":1,"stat.mineBlock.actuallyadditions.block_compost":1,"stat.pickup.minecraft.flint":1,"stat.useItem.immersiveengineering.conveyor":6,"stat.useItem.actuallyadditions.item_fertilizer":11,"stat.pickup.techreborn.uumatter":4,"stat.pickup.calculator.controlledfuel":64,"stat.useItem.minecraft.diamond_sword":5,"stat.swimOneCm":13913,"stat.pickup.minecraft.glowstone":1,"stat.ae2.ItemsExtracted":2,"stat.useItem.minecraft.dirt":36,"stat.useItem.minecraft.stone_slab2":2628,"stat.pickup.minecraft.bow":1,"stat.pickup.forge.bucketfilled":2,"stat.pickup.actuallyadditions.item_helm_obsidian":1,"stat.useItem.minecraft.red_flower":15,"stat.pickup.minecraft.map":1,"stat.pickup.actuallyadditions.block_compost":1,"stat.useItem.ic2.crop_seed_bag":2,"stat.pickup.minecraft.cobblestone":110,"stat.flyOneCm":2389346,"stat.pickup.minecraft.soul_sand":1,"stat.pickup.appliedenergistics2.material":1,"stat.pickup.appliedenergistics2.storage_cell_64k":1,"stat.useItem.modularmachinery.itemconstructtool":83,"stat.drop.techreborn.ingot":2,"stat.pickup.draconicevolution.chaotic_core":2,"stat.pickup.minecraft.redstone":10,"stat.ae2.TurnedCranks":40,"stat.useItem.immersiveengineering.cloth_device":7,"stat.timeSinceDeath":363966,"stat.pickup.calculator.handcrankedgenerator":2,"stat.useItem.minecraft.sign":1,"stat.pickup.minecraft.mutton":2,"stat.drop.minecraft.name_tag":1,"stat.useItem.sonarcore.stablestoneblackrimmed_purple":31,"stat.useItem.ic2.crop_stick":3,"stat.pickup.minecraft.wooden_axe":1,"stat.useItem.nuclearcraft.radaway":2,"stat.pickup.minecraft.carpet":1,"stat.pickup.minecraft.diamond_shovel":1,"stat.useItem.ic2.debug_item":1,"stat.useItem.nuclearcraft.ingot_block":4,"stat.killEntity.Creeper":7,"stat.pickup.extrautils2.ingredients":64,"stat.pickup.advancedrocketry.fueltank":1,"stat.pickup.soot.sulfur_clump":1,"stat.pickup.minecraft.string":13,"stat.ae2.ItemsInserted":2,"stat.pickup.tombstone.crafting_ingredient":1,"stat.craftItem.minecraft.stone_slab2":0,"stat.pickup.minecraft.nether_star":1,"stat.sprintOneCm":611070,"stat.craftItem.techreborn.dynamiccell":26,"stat.killEntity.ancient_golem":3,"stat.craftItem.minecraft.stick":28,"stat.useItem.progressiveautomation.generator_wooden":1,"stat.useItem.enderio.item_yeta_wrench":1,"stat.pickup.minecraft.grass":1,"stat.useItem.ic2.wrench":2,"stat.useItem.enderio.item_power_conduit":29,"stat.pickup.forestry.logs.1":256,"stat.useItem.minecraft.diamond_pickaxe":1,"stat.drop.forestry.bee_drone_ge":2,"stat.useItem.ic2.misc_resource":1,"stat.pickup.calculator.algorithmassimilator":2,"stat.useItem.minecraft.wooden_shovel":1,"stat.useItem.integrateddynamics.part_dynamic_light_panel_item":1,"stat.craftItem.nuclearcraft.dust":11,"stat.useItem.calculator.amethystpiping":2,"stat.drop":27,"stat.useItem.calculator.flawlessglass":4,"stat.pickup.minecraft.stone_button":32,"stat.pickup.draconicevolution.draconic_core":4,"stat.killEntity.Sheep":1,"stat.pickup.industrialforegoing.conveyor":4,"stat.useItem.gendustry.hive_spawn_debugger":1,"stat.pickup.minecraft.slime_ball":4,"stat.craftItem.extrautils2.flattransfernode":520,"stat.killEntity.Zombie":2,"stat.pickup.calculator.analysingchamber":12,"stat.useItem.sonarcore.stablestone_lightgrey":3,"stat.pickup.buildcraftcore.decorated":3,"stat.pickup.nuclearcraft.ingot":123,"stat.diveOneCm":6731,"stat.drop.embers.item_pipe":8,"stat.pickup.embers.ore_tin":16,"stat.useItem.mekanism.dictionary":5,"stat.pickup.extrautils2.machine":1,"stat.pickup.minecraft.sign":4,"stat.useItem.immersiveengineering.tool":1,"stat.useItem.integrateddynamics.part_display_panel_item":1,"stat.useItem.extrautils2.machine":1,"stat.pickup.minecraft.gravel":1,"stat.useItem.minecraft.diamond_axe":19,"stat.pickup.calculator.crankhandle":1,"stat.pickup.minecraft.stained_glass_pane":3,"stat.pickup.ic2.te":3,"stat.pickup.calculator.stoneassimilator":3,"stat.useItem.immersiveengineering.metal_decoration1":3,"stat.useItem.immersiveengineering.stone_decoration":32,"stat.pickup.extrautils2.ironwood_sapling":5,"stat.jump":18035,"stat.useItem.minecraft.wooden_hoe":1,"stat.pickup.minecraft.coal":694,"stat.pickup.minecraft.iron_ingot":16,"stat.craftItem.minecraft.water_bucket":1,"stat.useItem.techreborn.reinforced_glass":8,"stat.pickup.calculator.warpmodule":1,"stat.pickup.minecraft.gunpowder":3,"stat.pickup.minecraft.spider_eye":2,"stat.pickup.minecraft.dirt":443,"stat.pickup.calculator.weatherstation":1,"stat.useItem.ic2.sheet":15,"stat.pickup.actuallyadditions.block_misc":63,"stat.drop.actuallyadditions.block_atomic_reconstructor":1,"stat.pickup.extendedcrafting.singularity_ultimate":5,"stat.useItem.calculator.fabricationchamber":1,"stat.pickup.minecraft.iron_ore":193,"stat.craftItem.soot.stamp_text":1,"stat.useItem.advancedrocketry.arcfurnace":4,"stat.useItem.minecraft.glass":556,"stat.craftItem.immersiveengineering.metal_decoration1":8,"stat.pickup.minecraft.gold_ore":66,"stat.useItem.pneumaticcraft.pressure_chamber_wall":7,"stat.pickup.extratrees.hammer":1,"stat.drop.advancedrocketry.planetidchip":1,"stat.pickup.careerbees.ingredients":1,"stat.useItem.mob_grinding_utils.null_sword":3,"stat.mineBlock.botany.soil":6,"stat.craftItem.buildcrafttransport.pipe_wood_item":1,"stat.useItem.calculator.warpmodule":2,"stat.pickup.embers.item_pipe":2,"stat.pickup.astralsorcery.blockcustomore":1,"stat.pickup.industrialforegoing.tinydryrubber":6,"stat.pickup.rftoolsdim.dimlet_parcel":1,"stat.pickup.minecraft.stained_glass":65,"stat.mineBlock.advancedrocketry.alienwood":1,"stat.damageDealt":2610,"stat.craftItem.advancedrocketry.spacechestplate":3,"stat.drop.draconicevolution.chaotic_core":1,"stat.pickup.botany.itemflower":4,"stat.pickup.nuclearcraft.gem_dust":4,"stat.killEntity.Cow":4,"stat.useItem.minecraft.crafting_table":2,"stat.pickup.embers.vacuum":2,"stat.useItem.calculator.soil":2,"stat.walkOneCm":1482037,"stat.useItem.immersiveengineering.storage":6,"stat.mineBlock.advancedrocketry.planks":1,"stat.useItem.minecraft.chest":2,"stat.pickup.buildcraftfactory.gel":31,"stat.pickup.minecraft.stick":175,"stat.pickup.minecraft.diamond_pickaxe":1,"stat.pickup.calculator.storagechamber":5,"stat.useItem.minecraft.lava_bucket":2,"stat.drop.pneumaticcraft.empty_pcb":1,"stat.useItem.ic2.te":2,"stat.mineBlock.rftoolsdim.fake_gravel":1,"stat.pickup.advancedrocketry.ic":2,"stat.pickup.extendedcrafting.crafting_table":1,"stat.pickup.botany.soil":6,"stat.pickup.advancedrocketry.alienwood":1,"stat.useItem.extrautils2.compoundbow":51,"stat.pickup.calculator.magneticflux":1,"stat.useItem.botany.trowel_wood":3,"stat.pickup.minecraft.cooked_beef":5,"stat.pickup.calculator.circuitboard":6,"stat.killEntity.Skeleton":1,"stat.craftItem.ic2.crafting":1,"stat.pickup.forestry.bee_drone_ge":2,"stat.pickup.mob_grinding_utils.null_sword":1,"stat.killEntity.Chicken":3,"stat.craftItem.techreborn.part":1,"stat.killEntity.Spider":9,"stat.pickup.industrialforegoing.petrified_fuel_generator":1,"stat.craftItem.techreborn.uumatter":64,"stat.pickup.embers.ore_copper":64,"stat.mobKills":32,"stat.pickup.calculator.storagemodule":1,"stat.useItem.minecraft.golden_apple":27,"stat.pickup.calculator.dockingstation":1,"stat.craftItem.nuclearcraft.salt_fission_wall":1,"stat.pickup.minecraft.brown_mushroom_block":1,"stat.useItem.appliedenergistics2.part":7,"stat.pickup.calculator.jumpmodule":1,"stat.useItem.calculator.nutritionmodule":1,"stat.pickup.advancedrocketry.planetidchip":1,"stat.useItem.enderio.item_item_conduit":21,"stat.pickup.minecraft.dark_oak_fence_gate":1}