
{
  "ID": 48,
  "Name": "fungi_forest",
  "Resource Location": "midnight:fungi_forest",
  "Class": "com.mushroom.midnight.common.biome.surface.SurfaceBiome",
  "Root Height": 0.155,
  "Height Variation": 0.07,
  "Top Block": "midnight:midnight_grass",
  "Filler Block": "midnight:midnight_dirt",
  "Ocean Top Block": "Disabled. Activate in BiomeTweakerCore.",
  "Ocean Filler Block": "Disabled. Activate in BiomeTweakerCore.",
  "Actual Filler Blocks": "Disabled. Activate in BiomeTweakerCore.",
  "Grass Color": "Disabled. Activate in BiomeTweakerCore.",
  "Foliage Color": "Disabled. Activate in BiomeTweakerCore.",
  "Water Color": "16777215",
  "Temperature": 0.5,
  "Humidity": 0.5,
  "Water Tint": 16777215,
  "Enable Rain": true,
  "Enable Snow": false,
  "Dictionary Types": [
    "PLAINS",
    "SPOOKY",
    "FOREST"
  ],
  "BiomeManager Entries": {},
  "Spawnable Creatures": [],
  "Spawnable Monsters": [],
  "Spawnable Water Creatures": [],
  "Spawnable Cave Creatures": [],
  "Spawn Biome": false,
  "Tweaked": false
}