[
    {
        "mode": "ADD",
        "result": "draconicevolution:wyvern_core",
        "catalyst": "draconicevolution:draconium_block",
        "energy": 1000000,
        "tier": 0,
        "ingredients": [
            "draconicevolution:draconic_core",
            "draconicevolution:draconic_core",
            "draconicevolution:draconic_core",
            "draconicevolution:draconic_core",
            "ore:plateDenseOsmiridium",
            "ore:plateDenseStainlessSteel",
            "progressiveautomation:wither_iron",
            "progressiveautomation:wither_iron",
            "ore:plateDenseDraconium",
            "ore:plateDenseDraconium",
            "ore:plateDenseTitanium",
            "ore:plateDenseTitanium"
        ]
    },
    {
        "mode": "ADD",
        "result": "draconicevolution:wyvern_helm",
        "catalyst": "minecraft:iron_helmet",
        "energy": 2500000,
        "tier": 1,
        "ingredients": [
            "draconicevolution:wyvern_core",
            "draconicevolution:wyvern_energy_core",
            "ore:plateDenseDraconium",
            "ore:plateDenseDraconium",
            "ore:plateDenseDraconium",
            "ore:plateDenseDraconium",
            "ore:plateDenseDraconium",
            "ore:plateDenseStainlessSteel"
        ]
    },
    {
        "mode": "ADD",
        "result": "draconicevolution:wyvern_chest",
        "catalyst": "minecraft:iron_chestplate",
        "energy": 2500000,
        "tier": 1,
        "ingredients": [
            "draconicevolution:wyvern_core",
            "draconicevolution:wyvern_energy_core",
            "ore:plateDenseDraconium",
            "ore:plateDenseDraconium",
            "ore:plateDenseDraconium",
            "ore:plateDenseDraconium",
            "ore:plateDenseDraconium",
            "ore:plateDenseDraconium",
            "ore:plateDenseDraconium",
            "ore:plateDenseDraconium",
            "ore:plateDenseStainlessSteel"
        ]
    },
    {
        "mode": "ADD",
        "result": "draconicevolution:wyvern_legs",
        "catalyst": "minecraft:iron_leggings",
        "energy": 2500000,
        "tier": 1,
        "ingredients": [
            "draconicevolution:wyvern_core",
            "draconicevolution:wyvern_energy_core",
            "ore:plateDenseDraconium",
            "ore:plateDenseDraconium",
            "ore:plateDenseDraconium",
            "ore:plateDenseDraconium",
            "ore:plateDenseDraconium",
            "ore:plateDenseDraconium",
            "ore:plateDenseDraconium",
            "ore:plateDenseStainlessSteel"
        ]
    },
    {
        "mode": "ADD",
        "result": "draconicevolution:wyvern_boots",
        "catalyst": "minecraft:iron_boots",
        "energy": 2500000,
        "tier": 1,
        "ingredients": [
            "draconicevolution:wyvern_core",
            "draconicevolution:wyvern_energy_core",
            "ore:plateDenseDraconium",
            "ore:plateDenseDraconium",
            "ore:plateDenseDraconium",
            "ore:plateDenseDraconium",
            "ore:plateDenseStainlessSteel"
        ]
    },
    {
        "mode": "ADD",
        "result": "draconicevolution:dragon_heart",
        "catalyst": "minecraft:dragon_egg",
        "energy": 10000000,
        "tier": 1,
        "ingredients": [
            "ore:dustDraconium",
            "minecraft:dragon_breath"
        ]
    },
    {
        "mode": "ADD",
        "result": "minecraft:dragon_egg",
        "catalyst": "minecraft:dragon_breath",
        "energy": 100000,
        "tier": 1,
        "ingredients": [
            "draconicevolution:awakened_core",
            "ore:dustDraconium",
            "minecraft:ender_eye",
            "minecraft:ender_eye",
            "ore:endstone",
            "ore:obsidian"
        ]
    }
]
