<galaxy>
    <star name="Tenebrae" temp="10" x="200" y="200" numPlanets="0" blackHole="true">
      <planet name="The Dusk Moon" DIMID="8" customIcon="moon">
        <isKnown>True</isKnown>
        <orbitalDistance>10</orbitalDistance>
        <orbitalTheta>60</orbitalTheta>
        <gravitationalMultiplier>25</gravitationalMultiplier>
        <oceanBlock>astralsorcery:fluidblockliquidstarlight</oceanBlock>
        <fillerBlock>quark:basalt</fillerBlock>
        <fogColor>0,0,0</fogColor>
        <skyColor>0,0,0</skyColor>
        <hasOxygen>False</hasOxygen>
        <atmosphereDensity>0</atmosphereDensity>
        <seaLevel>80</seaLevel>
        <rotationalPeriod>600</rotationalPeriod>
      </planet>
    </star>
    <star name="Sol" temp="100" x="0" y="0" numPlanets="0" blackHole="false">
        <planet name="Earth" DIMID="0" dimMapping="" customIcon="earthlike">
          <isKnown>True</isKnown>
          <orbitalDistance>200</orbitalDistance>
          <orbitalTheta>180</orbitalTheta>
          <planet name="Luna" customIcon="moon">
            <gravitationalMultiplier>50</gravitationalMultiplier>
            <orbitalTheta>180</orbitalTheta>
            <orbitalDistance>100</orbitalDistance>
            <fillerBlock>minecraft:stone</fillerBlock>
            <oceanBlock>minecraft:air</oceanBlock>
            <fogColor>0,0,0</fogColor>
            <skyColor>0,0,0</skyColor>
            <hasOxygen>False</hasOxygen>
            <atmosphereDensity>0</atmosphereDensity>
          </planet>
          <planet name="Aether" DIMID="4" dimMapping="" customIcon="gasGiantBlue">
            <isKnown>True</isKnown>
          </planet>
        </planet>
    </star>
</galaxy>
