<galaxy>
    <star name="Tenebrae" temp="10" x="200" y="200" numPlanets="0" blackHole="true">
      <planet name="Cronus" customIcon="earthlike">
        <isKnown>True</isKnown>
        <orbitalDistance>50</orbitalDistance>
        <orbitalTheta>349</orbitalTheta>
        <gravitationalMultiplier>90</gravitationalMultiplier>
        <fogColor>0,0,0</fogColor>
        <skyColor>0,0,0</skyColor>
        <hasOxygen>True</hasOxygen>
        <atmosphereDensity>90</atmosphereDensity>
        <seaLevel>80</seaLevel>
        <rotationalPeriod>150000</rotationalPeriod>
        <biomeIds>62,63,64,65,59</biomeIds>
      </planet>
      <planet name="Midnight" DIMID="-23" dimMapping="" customIcon="earthlike">
        <isKnown>True</isKnown>
        <orbitalTheta>40</orbitalTheta>
        <planet name="The Dusk Moon" DIMID="8" customIcon="CarbonWorld">
          <orbitalDistance>10</orbitalDistance>
          <orbitalTheta>60</orbitalTheta>
          <gravitationalMultiplier>25</gravitationalMultiplier>
          <oceanBlock>astralsorcery:fluidblockliquidstarlight</oceanBlock>
          <fillerBlock>quark:basalt</fillerBlock>
          <fogColor>0,0,0</fogColor>
          <skyColor>0,0,0</skyColor>
          <hasOxygen>False</hasOxygen>
          <atmosphereDensity>0</atmosphereDensity>
          <seaLevel>80</seaLevel>
          <rotationalPeriod>6000</rotationalPeriod>
        </planet>
      </planet>
    </star>
    <star name="Sol" temp="100" x="0" y="0" numPlanets="0" blackHole="false">
        <planet name="Earth" DIMID="0" dimMapping="" customIcon="earthlike">
          <isKnown>True</isKnown>
          <orbitalDistance>200</orbitalDistance>
          <orbitalTheta>180</orbitalTheta>
          <planet name="Luna" customIcon="moon">
            <gravitationalMultiplier>50</gravitationalMultiplier>
            <orbitalTheta>180</orbitalTheta>
            <orbitalDistance>100</orbitalDistance>
            <oceanBlock>minecraft:air</oceanBlock>
            <fogColor>0,0,0</fogColor>
            <skyColor>0,0,0</skyColor>
            <hasOxygen>False</hasOxygen>
            <atmosphereDensity>0</atmosphereDensity>
            <biomeIds>58,67</biomeIds>
          </planet>
          <planet name="Aether" DIMID="4" dimMapping="" customIcon="gasGiantBlue">
            <isKnown>True</isKnown>
          </planet>
        </planet>
        <planet name="Ares" DIMID="34" customIcon="marsLike">
          <isKnown>True</isKnown>
          <orbitalDistance>210</orbitalDistance>
          <orbitalTheta>30</orbitalTheta>
          <gravitationalMultiplier>38</gravitationalMultiplier>
          <hasOxygen>False</hasOxygen>
          <fogColor>0x7540e00</fogColor>
          <skyColor>0x7543333</skyColor>
          <atmosphereDensity>1</atmosphereDensity>
          <biomeIds>60</biomeIds>
          <oceanBlock>minecraft:air</oceanBlock>
          <planet name="Deimos" DIMID="35" customIcon="moon">
            <gravitationalMultiplier>20</gravitationalMultiplier>
            <orbitalTheta>67</orbitalTheta>
            <orbitalDistance>150</orbitalDistance>
            <oceanBlock>minecraft:air</oceanBlock>
            <fogColor>0,0,0</fogColor>
            <skyColor>0,0,0</skyColor>
            <hasOxygen>False</hasOxygen>
            <atmosphereDensity>0</atmosphereDensity>
            <biomeIds>58,67</biomeIds>
          </planet>
        </planet>
        <planet name="Zues" customIcon="gasGiantRed">
          <isKnown>True</isKnown>
          <orbitalDistance>240</orbitalDistance>
          <orbitalTheta>40</orbitalTheta>
          <GasGiant>true</GasGiant>
          <gas>nitrogen</gas>
          <gas>oxygen</gas>
          <gas>hydrogen</gas>
          <gas>steam</gas>
          <gas>fluorine</gas>
          <gas>carbon_dioxide</gas>
          <gas>carbon_monoxide</gas>
          <gas>sulfur_trioxide</gas>
          <gas>sulfur_dioxide</gas>
          <gas>oxygen_difluoride</gas>
          <gas>ammonia</gas>
          <gas>ethene</gas>
          <gas>fluoromethane</gas>
          <gas>helium</gas>
          <gas>helium3</gas>
          <gas>ic2air</gas>
        </planet>
    </star>
</galaxy>
