
{
  "ID": 71,
  "Name": "Aether",
  "Resource Location": "aether_legacy:aether_highlands",
  "Class": "com.gildedgames.the_aether.world.biome.AetherBiome",
  "Root Height": 0.1,
  "Height Variation": 0.2,
  "Top Block": "aether_legacy:aether_grass[aether_legacy_double_drops\u003dtrue,dungeon_block\u003dfalse,snowy\u003dfalse]",
  "Filler Block": "aether_legacy:holystone[aether_legacy_double_drops\u003dtrue,dungeon_block\u003dfalse]",
  "Ocean Top Block": "Disabled. Activate in BiomeTweakerCore.",
  "Ocean Filler Block": "Disabled. Activate in BiomeTweakerCore.",
  "Actual Filler Blocks": "Disabled. Activate in BiomeTweakerCore.",
  "Grass Color": "Disabled. Activate in BiomeTweakerCore.",
  "Foliage Color": "Disabled. Activate in BiomeTweakerCore.",
  "Water Color": "16777215",
  "Temperature": 0.5,
  "Humidity": 0.0,
  "Water Tint": 16777215,
  "Enable Rain": false,
  "Enable Snow": false,
  "Dictionary Types": [
    "PLAINS",
    "MAGICAL",
    "DRY",
    "VOID",
    "COLD"
  ],
  "BiomeManager Entries": {},
  "Spawnable Creatures": [
    {
      "Entity Class": "com.gildedgames.the_aether.entities.passive.mountable.EntitySwet",
      "Weight": 30,
      "Min Group Count": 3,
      "Max Group Count": 4
    },
    {
      "Entity Class": "com.gildedgames.the_aether.entities.hostile.EntityAechorPlant",
      "Weight": 29,
      "Min Group Count": 1,
      "Max Group Count": 1
    },
    {
      "Entity Class": "com.gildedgames.the_aether.entities.passive.mountable.EntityPhyg",
      "Weight": 12,
      "Min Group Count": 4,
      "Max Group Count": 4
    },
    {
      "Entity Class": "com.gildedgames.the_aether.entities.passive.mountable.EntityAerbunny",
      "Weight": 11,
      "Min Group Count": 3,
      "Max Group Count": 3
    },
    {
      "Entity Class": "com.gildedgames.the_aether.entities.passive.EntitySheepuff",
      "Weight": 10,
      "Min Group Count": 4,
      "Max Group Count": 4
    },
    {
      "Entity Class": "com.gildedgames.the_aether.entities.passive.mountable.EntityMoa",
      "Weight": 10,
      "Min Group Count": 3,
      "Max Group Count": 3
    },
    {
      "Entity Class": "com.gildedgames.the_aether.entities.passive.mountable.EntityFlyingCow",
      "Weight": 10,
      "Min Group Count": 4,
      "Max Group Count": 4
    }
  ],
  "Spawnable Monsters": [
    {
      "Entity Class": "com.gildedgames.the_aether.entities.hostile.EntityWhirlwind",
      "Weight": 8,
      "Min Group Count": 2,
      "Max Group Count": 2
    },
    {
      "Entity Class": "com.gildedgames.the_aether.entities.hostile.EntityCockatrice",
      "Weight": 4,
      "Min Group Count": 4,
      "Max Group Count": 4
    },
    {
      "Entity Class": "com.gildedgames.the_aether.entities.hostile.EntityZephyr",
      "Weight": 2,
      "Min Group Count": 1,
      "Max Group Count": 1
    },
    {
      "Entity Class": "com.gildedgames.the_aether.entities.passive.EntityAerwhale",
      "Weight": 2,
      "Min Group Count": 1,
      "Max Group Count": 1
    }
  ],
  "Spawnable Water Creatures": [],
  "Spawnable Cave Creatures": [],
  "Spawn Biome": false,
  "Tweaked": false
}