{
  "materialMappings": {
    "stainless_steel_dense_plate": 23,
    "hot_stainless_steel_block": 30,
    "hot_titanium_iridium_alloy_nugget": 11,
    "stainless_steel_gear": 20,
    "osmiridium_gear": 3,
    "hot_titanium_iridium_alloy_block": 13,
    "osmiridium_nugget": 0,
    "stainless_steel_rod": 21,
    "hot_titanium_aluminide_nugget": 14,
    "osmiridium_dense_plate": 6,
    "stainless_steel_block": 27,
    "hot_titanium_aluminide_ingot": 15,
    "hot_osmiridium_block": 10,
    "osmiridium_dust": 5,
    "hot_titanium_iridium_alloy_ingot": 12,
    "stainless_steel_dust": 22,
    "stainless_steel_plate": 19,
    "osmiridium_rod": 4,
    "hot_stainless_steel_ingot": 29,
    "osmiridium_block": 7,
    "hot_stainless_steel_nugget": 28,
    "stainless_steel_nugget": 17,
    "osmiridium_ingot": 1,
    "stainless_steel_ingot": 18,
    "osmiridium_plate": 2,
    "hot_osmiridium_ingot": 9,
    "hot_titanium_aluminide_block": 16,
    "hot_osmiridium_nugget": 8
  }
}