{
  "path": "mod_contenttweaker/plants/apatirrus_plant.json",
  "enabled": true,
  "id": "contenttweaker:apatirrus_plant",
  "plant_name": "Apatirrus",
  "seed_name": "Apatirrus Seeds",
  "seed_items": [
    {
      "item": "contenttweaker:apatirrus",
      "meta": 0,
      "tags": "",
      "ignoreMeta": true,
      "ignoreTags": [
        "*"
      ],
      "useOreDict": false
    }
  ],
  "description": {
    "translations": {},
    "default": "This plant produces a useful material, commonly used for fertilisers."
  },
  "growth_chance": 0.7,
  "growth_bonus": 0.01,
  "bonemeal": false,
  "tier": 1,
  "weedable": false,
  "aggressive": false,
  "spread_chance": 0.1,
  "spawn_chance": 0.0,
  "grass_drop_chance": 0.0,
  "seed_drop_chance": 1.0,
  "seed_drop_bonus": 0.0,
  "products": {
    "products": [
      {
        "min": 1,
        "max": 4,
        "chance": 0.95,
        "required": true,
        "item": "contenttweaker:stone_ore_piece_apatite",
        "meta": 0,
        "tags": "",
        "ignoreMeta": false,
        "ignoreTags": [],
        "useOreDict": false
      }
    ]
  },
  "requirement": {
    "min_light": 9,
    "max_light": 16,
    "soils": [
      "gravel_soil"
    ],
    "conditions": []
  },
  "texture": {
    "render_type": "hash",
    "seed_texture": "contenttweaker:items/apatirrus",
    "plant_textures": [
      "contenttweaker:blocks/crop_apatirrus_stage_0",
      "contenttweaker:blocks/crop_apatirrus_stage_1",
      "contenttweaker:blocks/crop_apatirrus_stage_1",
      "contenttweaker:blocks/crop_apatirrus_stage_2",
      "contenttweaker:blocks/crop_apatirrus_stage_2",
      "contenttweaker:blocks/crop_apatirrus_stage_3",
      "contenttweaker:blocks/crop_apatirrus_stage_3",
      "contenttweaker:blocks/crop_apatirrus_stage_4"
    ]
  }
}
