{
  "path": "mod_contenttweaker/plants/caligoberry_plant.json",
  "enabled": true,
  "id": "contenttweaker:caligoberry_plant",
  "plant_name": "Caligo Berry",
  "seed_name": "Caligo Berry Seeds",
  "seed_items": [
    {
      "item": "contenttweaker:caligoberry",
      "meta": 0,
      "tags": "",
      "ignoreMeta": true,
      "ignoreTags": [
        "*"
      ],
      "useOreDict": false
    }
  ],
  "description": {
    "translations": {},
    "default": "The berries of this plant have a thick outer shell, but a soft dark substance underneath which can be exposed by the brutish yet effective method of throwing it at a hard surface. "
  },
  "growth_chance": 0.6,
  "growth_bonus": 0.01,
  "bonemeal": false,
  "tier": 1,
  "weedable": false,
  "aggressive": false,
  "spread_chance": 0.1,
  "spawn_chance": 0.0,
  "grass_drop_chance": 0.0,
  "seed_drop_chance": 1.0,
  "seed_drop_bonus": 0.0,
  "products": {
    "products": [
      {
        "min": 1,
        "max": 4,
        "chance": 0.95,
        "required": true,
        "item": "contenttweaker:stone_ore_piece_darkpearl",
        "meta": 0,
        "tags": "",
        "ignoreMeta": false,
        "ignoreTags": [],
        "useOreDict": false
      }
    ]
  },
  "requirement": {
    "min_light": 9,
    "max_light": 16,
    "soils": [
      "midnight_soil",
      "midnight_grass_soil"
    ],
    "conditions": []
  },
  "texture": {
    "render_type": "cross",
    "seed_texture": "contenttweaker:items/caligoberry",
    "plant_textures": [
      "contenttweaker:blocks/crop_caligoberry_stage_0",
      "contenttweaker:blocks/crop_caligoberry_stage_1",
      "contenttweaker:blocks/crop_caligoberry_stage_1",
      "contenttweaker:blocks/crop_caligoberry_stage_2",
      "contenttweaker:blocks/crop_caligoberry_stage_2",
      "contenttweaker:blocks/crop_caligoberry_stage_3",
      "contenttweaker:blocks/crop_caligoberry_stage_4",
      "contenttweaker:blocks/crop_caligoberry_stage_5"
    ]
  }
}
