{
  "path": "mod_contenttweaker/plants/garlander_plant.json",
  "enabled": true,
  "id": "contenttweaker:garlander_plant",
  "plant_name": "Garlander",
  "seed_name": "Garlander Seeds",
  "seed_items": [
    {
      "item": "contenttweaker:garlander",
      "meta": 0,
      "tags": "",
      "ignoreMeta": true,
      "ignoreTags": [
        "*"
      ],
      "useOreDict": false
    }
  ],
  "description": {
    "translations": {},
    "default": "Named after the lead-rich mineral Galena."
  },
  "growth_chance": 1.0,
  "growth_bonus": 0.03,
  "bonemeal": false,
  "tier": 1,
  "weedable": false,
  "aggressive": false,
  "spread_chance": 0.1,
  "spawn_chance": 0.0,
  "grass_drop_chance": 0.0,
  "seed_drop_chance": 1.0,
  "seed_drop_bonus": 0.0,
  "products": {
    "products": [
      {
        "min": 1,
        "max": 4,
        "chance": 0.95,
        "required": true,
        "item": "contenttweaker:stone_ore_piece_galena",
        "meta": 0,
        "tags": "",
        "ignoreMeta": false,
        "ignoreTags": [],
        "useOreDict": false
      }
    ]
  },
  "requirement": {
    "min_light": 9,
    "max_light": 16,
    "soils": [
      "gravel_soil"
    ],
    "conditions": []
  },
  "texture": {
    "render_type": "cross",
    "seed_texture": "contenttweaker:items/garlander",
    "plant_textures": [
      "contenttweaker:blocks/crop_garlander_stage_0",
      "contenttweaker:blocks/crop_garlander_stage_0",
      "contenttweaker:blocks/crop_garlander_stage_1",
      "contenttweaker:blocks/crop_garlander_stage_1",
      "contenttweaker:blocks/crop_garlander_stage_2",
      "contenttweaker:blocks/crop_garlander_stage_2",
      "contenttweaker:blocks/crop_garlander_stage_2",
      "contenttweaker:blocks/crop_garlander_stage_3"
    ]
  }
}
