{
  "path": "mod_contenttweaker/plants/morionleaf_plant.json",
  "enabled": true,
  "id": "contenttweaker:morionleaf_plant",
  "plant_name": "Morionleaf",
  "seed_name": "Morionleaf Seeds",
  "seed_items": [
    {
      "item": "contenttweaker:morionleaf",
      "meta": 0,
      "tags": "",
      "ignoreMeta": true,
      "ignoreTags": [
        "*"
      ],
      "useOreDict": false
    }
  ],
  "description": {
    "translations": {},
    "default": "The name of this plant originally comes from a misreading of \u0027Mormorionleaf\u0027 from a historical text."
  },
  "growth_chance": 0.8,
  "growth_bonus": 0.025,
  "bonemeal": false,
  "tier": 1,
  "weedable": false,
  "aggressive": false,
  "spread_chance": 0.1,
  "spawn_chance": 0.0,
  "grass_drop_chance": 0.0,
  "seed_drop_chance": 1.0,
  "seed_drop_bonus": 0.0,
  "products": {
    "products": [
      {
        "min": 1,
        "max": 4,
        "chance": 0.8,
        "required": true,
        "item": "contenttweaker:stone_ore_piece_blackquartz",
        "meta": 0,
        "tags": "",
        "ignoreMeta": false,
        "ignoreTags": [],
        "useOreDict": false
      }
    ]
  },
  "requirement": {
    "min_light": 9,
    "max_light": 16,
    "soils": [
      "gravel_soil"
    ],
    "conditions": []
  },
  "texture": {
    "render_type": "cross",
    "seed_texture": "contenttweaker:items/morionleaf",
    "plant_textures": [
      "contenttweaker:blocks/crop_morionleaf_stage_0",
      "contenttweaker:blocks/crop_morionleaf_stage_1",
      "contenttweaker:blocks/crop_morionleaf_stage_2",
      "contenttweaker:blocks/crop_morionleaf_stage_3",
      "contenttweaker:blocks/crop_morionleaf_stage_4",
      "contenttweaker:blocks/crop_morionleaf_stage_5",
      "contenttweaker:blocks/crop_morionleaf_stage_6",
      "contenttweaker:blocks/crop_morionleaf_stage_7"
    ]
  }
}
