{
  "path": "mod_contenttweaker/plants/sandgipani_plant.json",
  "enabled": true,
  "id": "contenttweaker:sandgipani_plant",
  "plant_name": "Sandgipani",
  "seed_name": "Sandgipani Seeds",
  "seed_items": [
    {
      "item": "contenttweaker:sandgipani",
      "meta": 0,
      "tags": "",
      "ignoreMeta": true,
      "ignoreTags": [
        "*"
      ],
      "useOreDict": false
    }
  ],
  "description": {
    "translations": {},
    "default": "Unlike its nominally related cousin, the Frangipani, the Sandgipani plant can be found growing in the ground, and has fragile leaves which tend to coat themselves in thick dust particles for protection. "
  },
  "growth_chance": 0.95,
  "growth_bonus": 0.05,
  "bonemeal": true,
  "tier": 1,
  "weedable": false,
  "aggressive": false,
  "spread_chance": 0.1,
  "spawn_chance": 0.0,
  "grass_drop_chance": 0.0,
  "seed_drop_chance": 1.0,
  "seed_drop_bonus": 0.0,
  "products": {
    "products": [
      {
        "min": 1,
        "max": 2,
        "chance": 0.95,
        "required": true,
        "item": "minecraft:sand",
        "meta": 0,
        "tags": "",
        "ignoreMeta": false,
        "ignoreTags": [],
        "useOreDict": false
      },
      {
        "min": 1,
        "max": 3,
        "chance": 0.4,
        "required": true,
        "item": "minecraft:clay_ball",
        "meta": 0,
        "tags": "",
        "ignoreMeta": false,
        "ignoreTags": [],
        "useOreDict": false
      },
      {
        "min": 1,
        "max": 3,
        "chance": 0.2,
        "required": true,
        "item": "calculator:soil",
        "meta": 0,
        "tags": "",
        "ignoreMeta": false,
        "ignoreTags": [],
        "useOreDict": false
      },
      {
        "min": 1,
        "max": 2,
        "chance": 0.3,
        "required": true,
        "item": "calculator:smallstone",
        "meta": 0,
        "tags": "",
        "ignoreMeta": false,
        "ignoreTags": [],
        "useOreDict": false
      }
    ]
  },
  "requirement": {
    "min_light": 5,
    "max_light": 16,
    "soils": [
      "farmland_soil"
    ],
    "conditions": []
  },
  "texture": {
    "render_type": "cross",
    "seed_texture": "contenttweaker:items/sandgipani",
    "plant_textures": [
      "contenttweaker:blocks/crop_sandgipani_stage_0",
      "contenttweaker:blocks/crop_sandgipani_stage_1",
      "contenttweaker:blocks/crop_sandgipani_stage_1",
      "contenttweaker:blocks/crop_sandgipani_stage_2",
      "contenttweaker:blocks/crop_sandgipani_stage_2",
      "contenttweaker:blocks/crop_sandgipani_stage_3",
      "contenttweaker:blocks/crop_sandgipani_stage_3",
      "contenttweaker:blocks/crop_sandgipani_stage_4"
    ]
  }
}
