{
  "path": "mod_contenttweaker/plants/stargazerlily_plant.json",
  "enabled": true,
  "id": "contenttweaker:stargazerlily_plant",
  "plant_name": "Stargazer Lily",
  "seed_name": "Stargazer Lily Seeds",
  "seed_items": [
    {
      "item": "contenttweaker:stargazerlily",
      "meta": 0,
      "tags": "",
      "ignoreMeta": true,
      "ignoreTags": [
        "*"
      ],
      "useOreDict": false
    }
  ],
  "description": {
    "translations": {},
    "default": "The strong magical properties of the Stargazer Lily have caused it to lose its strength, and become very fragile."
  },
  "growth_chance": 0.4,
  "growth_bonus": 0.01,
  "bonemeal": false,
  "tier": 1,
  "weedable": false,
  "aggressive": false,
  "spread_chance": 0.1,
  "spawn_chance": 0.0,
  "grass_drop_chance": 0.0,
  "seed_drop_chance": 1.0,
  "seed_drop_bonus": 0.0,
  "products": {
    "products": [
      {
        "min": 1,
        "max": 4,
        "chance": 0.8,
        "required": true,
        "item": "contenttweaker:stone_ore_piece_rockcrystal",
        "meta": 0,
        "tags": "",
        "ignoreMeta": false,
        "ignoreTags": [],
        "useOreDict": false
      }
    ]
  },
  "requirement": {
    "min_light": 9,
    "max_light": 16,
    "soils": [
      "vibrantinfusedwood_soil"
    ],
    "conditions": []
  },
  "texture": {
    "render_type": "cross",
    "seed_texture": "contenttweaker:items/stargazerlily",
    "plant_textures": [
      "contenttweaker:blocks/crop_stargazerlily_stage_0",
      "contenttweaker:blocks/crop_stargazerlily_stage_1",
      "contenttweaker:blocks/crop_stargazerlily_stage_2",
      "contenttweaker:blocks/crop_stargazerlily_stage_3",
      "contenttweaker:blocks/crop_stargazerlily_stage_4",
      "contenttweaker:blocks/crop_stargazerlily_stage_5",
      "contenttweaker:blocks/crop_stargazerlily_stage_5",
      "contenttweaker:blocks/crop_stargazerlily_stage_6"
    ]
  }
}
