<?xml version="1.0" encoding="UTF-8"?>
<enderio:recipes xmlns:enderio="http://enderio.com/recipes" xmlns:xsi="http://www.w3.org/2001/XMLSchema-instance" xsi:schemaLocation="http://enderio.com/recipes recipes.xsd ">
    <recipe name="Chassis" disabled="true">
      <alloying energy="3600" exp="1">
        <input name="SIMPLE_CHASSIS"/>
        <input name="dyeMachine"/>
        <output name="CHASSIS"/>
      </alloying>
    </recipe>
    <recipe name="Enhanced Chassis">
      <alloying energy="3600" exp="1">
        <input name="END_STEEL_CHASSIS"/>
        <input name="dyeEnhancedMachine"/>
        <output name="ENHANCED_CHASSIS"/>
      </alloying>
    </recipe>
    <recipe name="Soul Chassis"> 
      <alloying energy="3600" exp="1">
        <input name="SIMPLE_CHASSIS"/>
        <input name="dyeSoulMachine"/>
        <output name="SOUL_CHASSIS"/>
      </alloying>
    </recipe>
</enderio:recipes>
