{
  "path": "mod_contenttweaker/plants/alligentum_plant.json",
  "enabled": true,
  "id": "contenttweaker:alligentum_plant",
  "plant_name": "Alligentum",
  "seed_name": "Alligentum Seeds",
  "seed_items": [
    {
      "item": "contenttweaker:alligentum",
      "meta": 0,
      "tags": "",
      "ignoreMeta": true,
      "ignoreTags": [
        "*"
      ],
      "useOreDict": false
    }
  ],
  "description": {
    "translations": {},
    "default": "A plant praised in ancient times for its ability to \u0027ward off evil\u0027. The Alligentum is named for the silver colour of its petals."
  },
  "growth_chance": 0.7,
  "growth_bonus": 0.02,
  "bonemeal": false,
  "tier": 1,
  "weedable": false,
  "aggressive": false,
  "spread_chance": 0.1,
  "spawn_chance": 0.0,
  "grass_drop_chance": 0.0,
  "seed_drop_chance": 1.0,
  "seed_drop_bonus": 0.0,
  "products": {
    "products": [
      {
        "min": 1,
        "max": 4,
        "chance": 0.8,
        "required": true,
        "item": "contenttweaker:stone_ore_piece_silver",
        "meta": 0,
        "tags": "",
        "ignoreMeta": false,
        "ignoreTags": [],
        "useOreDict": false
      }
    ]
  },
  "requirement": {
    "min_light": 9,
    "max_light": 16,
    "soils": [
      "gravel_soil"
    ],
    "conditions": []
  },
  "texture": {
    "render_type": "hash",
    "seed_texture": "contenttweaker:items/alligentum",
    "plant_textures": [
      "contenttweaker:blocks/crop_alligentum_stage_0",
      "contenttweaker:blocks/crop_alligentum_stage_1",
      "contenttweaker:blocks/crop_alligentum_stage_1",
      "contenttweaker:blocks/crop_alligentum_stage_2",
      "contenttweaker:blocks/crop_alligentum_stage_2",
      "contenttweaker:blocks/crop_alligentum_stage_3",
      "contenttweaker:blocks/crop_alligentum_stage_3",
      "contenttweaker:blocks/crop_alligentum_stage_4"
    ]
  }
}
