{
  "path": "mod_contenttweaker/plants/ambrosiaallium_plant.json",
  "enabled": true,
  "id": "contenttweaker:ambrosiaallium_plant",
  "plant_name": "Ambrosia Allium",
  "seed_name": "Ambrosia Allium Seeds",
  "seed_items": [
    {
      "item": "contenttweaker:ambrosiaallium",
      "meta": 0,
      "tags": "",
      "ignoreMeta": true,
      "ignoreTags": [
        "*"
      ],
      "useOreDict": false
    }
  ],
  "description": {
    "translations": {},
    "default": "Originating from the Aether, the Ambrosia Allium is praised among higher beings."
  },
  "growth_chance": 0.8,
  "growth_bonus": 0.01,
  "bonemeal": false,
  "tier": 1,
  "weedable": false,
  "aggressive": false,
  "spread_chance": 0.1,
  "spawn_chance": 0.0,
  "grass_drop_chance": 0.0,
  "seed_drop_chance": 1.0,
  "seed_drop_bonus": 0.0,
  "products": {
    "products": [
      {
        "min": 1,
        "max": 4,
        "chance": 0.95,
        "required": true,
        "item": "contenttweaker:stone_ore_piece_ambrosium",
        "meta": 0,
        "tags": "",
        "ignoreMeta": false,
        "ignoreTags": [],
        "useOreDict": false
      }
    ]
  },
  "requirement": {
    "min_light": 9,
    "max_light": 16,
    "soils": [
      "aether_soil",
      "aether_grass_soil"
    ],
    "conditions": []
  },
  "texture": {
    "render_type": "hash",
    "seed_texture": "contenttweaker:items/ambrosiaallium",
    "plant_textures": [
      "contenttweaker:blocks/crop_aether_stage_0",
      "contenttweaker:blocks/crop_aether_stage_1",
      "contenttweaker:blocks/crop_aether_stage_1",
      "contenttweaker:blocks/crop_aether_stage_2",
      "contenttweaker:blocks/crop_aether_stage_2",
      "contenttweaker:blocks/crop_aether_stage_3",
      "contenttweaker:blocks/crop_aether_stage_3",
      "contenttweaker:blocks/crop_ambrosiaallium_stage_4"
    ]
  }
}
