{
  "path": "mod_contenttweaker/plants/darkleaf_plant.json",
  "enabled": true,
  "id": "contenttweaker:darkleaf_plant",
  "plant_name": "Darkleaf",
  "seed_name": "Darkleaf Seeds",
  "seed_items": [
    {
      "item": "contenttweaker:darkleaf",
      "meta": 0,
      "tags": "",
      "ignoreMeta": true,
      "ignoreTags": [
        "*"
      ],
      "useOreDict": false
    }
  ],
  "description": {
    "translations": {},
    "default": "The leaves of this plant are made out of a dark material, rarely found on the distant planet \u0027Midnight\u0027."
  },
  "growth_chance": 0.4,
  "growth_bonus": 0.01,
  "bonemeal": false,
  "tier": 1,
  "weedable": false,
  "aggressive": false,
  "spread_chance": 0.1,
  "spawn_chance": 0.0,
  "grass_drop_chance": 0.0,
  "seed_drop_chance": 1.0,
  "seed_drop_bonus": 0.0,
  "products": {
    "products": [
      {
        "min": 1,
        "max": 4,
        "chance": 0.95,
        "required": true,
        "item": "contenttweaker:stone_ore_piece_tenebrum",
        "meta": 0,
        "tags": "",
        "ignoreMeta": false,
        "ignoreTags": [],
        "useOreDict": false
      }
    ]
  },
  "requirement": {
    "min_light": 9,
    "max_light": 16,
    "soils": [
      "midnight_soil",
      "midnight_grass_soil"
    ],
    "conditions": []
  },
  "texture": {
    "render_type": "hash",
    "seed_texture": "contenttweaker:items/darkleaf",
    "plant_textures": [
      "contenttweaker:blocks/crop_darkleaf_stage_0",
      "contenttweaker:blocks/crop_darkleaf_stage_1",
      "contenttweaker:blocks/crop_darkleaf_stage_1",
      "contenttweaker:blocks/crop_darkleaf_stage_2",
      "contenttweaker:blocks/crop_darkleaf_stage_2",
      "contenttweaker:blocks/crop_darkleaf_stage_3",
      "contenttweaker:blocks/crop_darkleaf_stage_4",
      "contenttweaker:blocks/crop_darkleaf_stage_5"
    ]
  }
}
