{
  "path": "mod_contenttweaker/plants/diablaux_plant.json",
  "enabled": true,
  "id": "contenttweaker:diablaux_plant",
  "plant_name": "Diablaux",
  "seed_name": "Diablaux Seeds",
  "seed_items": [
    {
      "item": "contenttweaker:diablaux",
      "meta": 0,
      "tags": "",
      "ignoreMeta": true,
      "ignoreTags": [
        "*"
      ],
      "useOreDict": false
    }
  ],
  "description": {
    "translations": {},
    "default": "Bauxite isn’t a particularly useful material, as it is only used to produce aluminium, but you\u0027ve already grown this."
  },
  "growth_chance": 0.8,
  "growth_bonus": 0.01,
  "bonemeal": false,
  "tier": 1,
  "weedable": false,
  "aggressive": false,
  "spread_chance": 0.1,
  "spawn_chance": 0.0,
  "grass_drop_chance": 0.0,
  "seed_drop_chance": 1.0,
  "seed_drop_bonus": 0.0,
  "products": {
    "products": [
      {
        "min": 1,
        "max": 4,
        "chance": 0.95,
        "required": true,
        "item": "contenttweaker:stone_ore_piece_bauxite",
        "meta": 0,
        "tags": "",
        "ignoreMeta": false,
        "ignoreTags": [],
        "useOreDict": false
      }
    ]
  },
  "requirement": {
    "min_light": 9,
    "max_light": 16,
    "soils": [
      "gravel_soil"
    ],
    "conditions": []
  },
  "texture": {
    "render_type": "hash",
    "seed_texture": "contenttweaker:items/diablaux",
    "plant_textures": [
      "contenttweaker:blocks/crop_trmisc_stage_0",
      "contenttweaker:blocks/crop_trmisc_stage_1",
      "contenttweaker:blocks/crop_trmisc_stage_1",
      "contenttweaker:blocks/crop_trmisc_stage_2",
      "contenttweaker:blocks/crop_trmisc_stage_2",
      "contenttweaker:blocks/crop_trmisc_stage_3",
      "contenttweaker:blocks/crop_trmisc_stage_3",
      "contenttweaker:blocks/crop_diablaux_stage_4"
    ]
  }
}
