{
  "path": "mod_contenttweaker/plants/gravignolia_plant.json",
  "enabled": true,
  "id": "contenttweaker:gravignolia_plant",
  "plant_name": "Gravignolia",
  "seed_name": "Gravignolia Seeds",
  "seed_items": [
    {
      "item": "contenttweaker:gravignolia",
      "meta": 0,
      "tags": "",
      "ignoreMeta": true,
      "ignoreTags": [
        "*"
      ],
      "useOreDict": false
    }
  ],
  "description": {
    "translations": {},
    "default": "The Gravignolia doesn’t seem to obey gravity in any normal sense."
  },
  "growth_chance": 0.4,
  "growth_bonus": 0.01,
  "bonemeal": false,
  "tier": 1,
  "weedable": false,
  "aggressive": false,
  "spread_chance": 0.1,
  "spawn_chance": 0.0,
  "grass_drop_chance": 0.0,
  "seed_drop_chance": 1.0,
  "seed_drop_bonus": 0.0,
  "products": {
    "products": [
      {
        "min": 1,
        "max": 4,
        "chance": 0.95,
        "required": true,
        "item": "contenttweaker:stone_ore_piece_gravitite",
        "meta": 0,
        "tags": "",
        "ignoreMeta": false,
        "ignoreTags": [],
        "useOreDict": false
      }
    ]
  },
  "requirement": {
    "min_light": 9,
    "max_light": 16,
    "soils": [
      "enchanted_aether_soil"
    ],
    "conditions": []
  },
  "texture": {
    "render_type": "hash",
    "seed_texture": "contenttweaker:items/gravignolia",
    "plant_textures": [
      "contenttweaker:blocks/crop_gravignolia_stage_0",
      "contenttweaker:blocks/crop_gravignolia_stage_1",
      "contenttweaker:blocks/crop_gravignolia_stage_1",
      "contenttweaker:blocks/crop_gravignolia_stage_2",
      "contenttweaker:blocks/crop_gravignolia_stage_3",
      "contenttweaker:blocks/crop_gravignolia_stage_4",
      "contenttweaker:blocks/crop_gravignolia_stage_5",
      "contenttweaker:blocks/crop_gravignolia_stage_6"
    ]
  }
}
