{
  "path": "mod_contenttweaker/plants/hyacibus_plant.json",
  "enabled": true,
  "id": "contenttweaker:hyacibus_plant",
  "plant_name": "Hyacibus",
  "seed_name": "Hyacibus Seeds",
  "seed_items": [
    {
      "item": "contenttweaker:hyacibus",
      "meta": 0,
      "tags": "",
      "ignoreMeta": true,
      "ignoreTags": [
        "*"
      ],
      "useOreDict": false
    }
  ],
  "description": {
    "translations": {},
    "default": "The flowers of the Hyacibus make for excellent fuels, being used extensively in ancient times to fuel bonfires and for culinary purposes."
  },
  "growth_chance": 0.9,
  "growth_bonus": 0.025,
  "bonemeal": false,
  "tier": 1,
  "weedable": false,
  "aggressive": false,
  "spread_chance": 0.1,
  "spawn_chance": 0.0,
  "grass_drop_chance": 0.0,
  "seed_drop_chance": 1.0,
  "seed_drop_bonus": 0.0,
  "products": {
    "products": [
      {
        "min": 1,
        "max": 4,
        "chance": 0.95,
        "required": true,
        "item": "contenttweaker:stone_ore_piece_coal",
        "meta": 0,
        "tags": "",
        "ignoreMeta": false,
        "ignoreTags": [],
        "useOreDict": false
      },
      {
        "min": 1,
        "max": 4,
        "chance": 0.95,
        "required": true,
        "item": "actuallyadditions:item_misc",
        "meta": 10,
        "tags": "",
        "ignoreMeta": false,
        "ignoreTags": [],
        "useOreDict": false
      }
    ]
  },
  "requirement": {
    "min_light": 9,
    "max_light": 16,
    "soils": [
      "gravel_soil"
    ],
    "conditions": []
  },
  "texture": {
    "render_type": "cross",
    "seed_texture": "contenttweaker:items/hyacibus",
    "plant_textures": [
      "contenttweaker:blocks/crop_hyacibus_stage_0",
      "contenttweaker:blocks/crop_hyacibus_stage_1",
      "contenttweaker:blocks/crop_hyacibus_stage_1",
      "contenttweaker:blocks/crop_hyacibus_stage_2",
      "contenttweaker:blocks/crop_hyacibus_stage_2",
      "contenttweaker:blocks/crop_hyacibus_stage_3",
      "contenttweaker:blocks/crop_hyacibus_stage_4",
      "contenttweaker:blocks/crop_hyacibus_stage_5"
    ]
  }
}
