{
  "path": "mod_contenttweaker/plants/shamrock_plant.json",
  "enabled": true,
  "id": "contenttweaker:shamrock_plant",
  "plant_name": "Shamrock",
  "seed_name": "Shamrock Seeds",
  "seed_items": [
    {
      "item": "contenttweaker:shamrock",
      "meta": 0,
      "tags": "",
      "ignoreMeta": true,
      "ignoreTags": [
        "*"
      ],
      "useOreDict": false
    }
  ],
  "description": {
    "translations": {},
    "default": "Also known as the \u0027Mason’s Flower\u0027, as the Shamrock matures, it slowly begins to self-fossilise, turning its leaves into a stone-like material. "
  },
  "growth_chance": 1.0,
  "growth_bonus": 0.2,
  "bonemeal": true,
  "tier": 1,
  "weedable": false,
  "aggressive": false,
  "spread_chance": 0.1,
  "spawn_chance": 0.0,
  "grass_drop_chance": 0.0,
  "seed_drop_chance": 1.0,
  "seed_drop_bonus": 0.0,
  "products": {
    "products": [
      {
        "min": 1,
        "max": 4,
        "chance": 0.9,
        "required": true,
        "item": "minecraft:cobblestone",
        "meta": 0,
        "tags": "",
        "ignoreMeta": false,
        "ignoreTags": [],
        "useOreDict": false
      },
      {
        "min": 1,
        "max": 3,
        "chance": 0.8,
        "required": true,
        "item": "minecraft:gravel",
        "meta": 0,
        "tags": "",
        "ignoreMeta": false,
        "ignoreTags": [],
        "useOreDict": false
      },
      {
        "min": 1,
        "max": 3,
        "chance": 0.4,
        "required": true,
        "item": "minecraft:stone",
        "meta": 5,
        "tags": "",
        "ignoreMeta": false,
        "ignoreTags": [],
        "useOreDict": false
      },
      {
        "min": 1,
        "max": 3,
        "chance": 0.4,
        "required": true,
        "item": "minecraft:stone",
        "meta": 3,
        "tags": "",
        "ignoreMeta": false,
        "ignoreTags": [],
        "useOreDict": false
      },
      {
        "min": 1,
        "max": 3,
        "chance": 0.4,
        "required": true,
        "item": "minecraft:stone",
        "meta": 1,
        "tags": "",
        "ignoreMeta": false,
        "ignoreTags": [],
        "useOreDict": false
      },
      {
        "min": 1,
        "max": 2,
        "chance": 0.3,
        "required": true,
        "item": "quark:limestone",
        "meta": 0,
        "tags": "",
        "ignoreMeta": false,
        "ignoreTags": [],
        "useOreDict": false
      },
      {
        "min": 1,
        "max": 2,
        "chance": 0.3,
        "required": true,
        "item": "quark:marble",
        "meta": 0,
        "tags": "",
        "ignoreMeta": false,
        "ignoreTags": [],
        "useOreDict": false
      },
      {
        "min": 1,
        "max": 2,
        "chance": 0.3,
        "required": true,
        "item": "quark:slate",
        "meta": 0,
        "tags": "",
        "ignoreMeta": false,
        "ignoreTags": [],
        "useOreDict": false
      },
      {
        "min": 1,
        "max": 2,
        "chance": 0.3,
        "required": true,
        "item": "quark:basalt",
        "meta": 0,
        "tags": "",
        "ignoreMeta": false,
        "ignoreTags": [],
        "useOreDict": false
      }
    ]
  },
  "requirement": {
    "min_light": 5,
    "max_light": 16,
    "soils": [
      "gravel_soil"
    ],
    "conditions": []
  },
  "texture": {
    "render_type": "cross",
    "seed_texture": "contenttweaker:items/shamrock",
    "plant_textures": [
      "contenttweaker:blocks/crop_shamrock_stage_0",
      "contenttweaker:blocks/crop_shamrock_stage_1",
      "contenttweaker:blocks/crop_shamrock_stage_1",
      "contenttweaker:blocks/crop_shamrock_stage_2",
      "contenttweaker:blocks/crop_shamrock_stage_2",
      "contenttweaker:blocks/crop_shamrock_stage_3",
      "contenttweaker:blocks/crop_shamrock_stage_3",
      "contenttweaker:blocks/crop_shamrock_stage_4"
    ]
  }
}
