{
    "machine": "centrifuge",
    "registryName": "centrifuge_enrichedlava",
    "recipeTime": 20,
    "requirements": [
        {
            "type": "modularmachinery:energy",
            "io-type": "input",
            "energyPerTick": 128
        },
        {
            "type": "modularmachinery:item",
            "io-type": "output",
            "item": "techreborn:nuggets@4",
            "amount": 1,
            "chance": 0.168
        },
        {
            "type": "modularmachinery:item",
            "io-type": "output",
            "item": "minecraft:iron_nugget",
            "amount": 1,
            "chance": 0.168
        },
        {
            "type": "modularmachinery:item",
            "io-type": "output",
            "item": "techreborn:nuggets@13",
            "amount": 1,
            "chance": 0.168
        },
        {
            "type": "modularmachinery:item",
            "io-type": "output",
            "item": "techreborn:nuggets@8",
            "amount": 1,
            "chance": 0.168
        },
        {
            "type": "modularmachinery:item",
            "io-type": "output",
            "item": "techreborn:nuggets@11",
            "amount": 1,
            "chance": 0.168
        },
        {
            "type": "modularmachinery:item",
            "io-type": "output",
            "item": "minecraft:gold_nugget",
            "amount": 1,
            "chance": 0.126
        },
        {
            "type": "modularmachinery:item",
            "io-type": "output",
            "item": "extendedcrafting:material@128",
            "amount": 1,
            "chance": 0.017
        },
        {
            "type": "modularmachinery:item",
            "io-type": "output",
            "item": "immersiveengineering:metal@25",
            "amount": 1,
            "chance": 0.017
        },
        {
            "type": "modularmachinery:item",
            "io-type": "output",
            "item": "techreborn:nuggets@7",
            "amount": 1,
            "chance": 0.002
        },
        {
            "type": "modularmachinery:fluid",
            "io-type": "input",
            "fluid": "enrichedlava",
            "amount": 1000
        }
    ]
}
