[
	{
		"mod" : "EnderStorage",
		"supporters": [
			"Blkdragon112",
			"Pyrodogg"
		]
	},
	{
		"mod" : "ChickenChunks",
		"supporters": [
		]
	},
	{
		"mod" : "NotEnoughItems",
		"supporters": [
			"EmuCraft Team",
			"Victor Zimmer",
			"lexi85",
			"Ace_Trainer_Tullius",
			"Bacon_Donut",
			"Sleement",
			"Ninja 5tyl3",
			"Disalot",
			"Gamer2313",
			"Majorangejuice",
			"Kadah",
			"adeilt",
			"Terkanil",
		]
	},
	{
		"mod" : "WR-CBE",
		"supporters" : [
			"Vizerei"
		]
	},
	{
		"mod" : "Translocators",
		"supporters": [
		]
	}, 
	{
		"mod" : "ProjectRed",
		"supporters" : [
			"Jacob M",
			"Darker Light"
		]
	}
]
