{
  "populate": {
    "quartz_vein": {
        "distribution": "uniform",
        "generator": {
          "block": [
            {
              "name": "embers:ore_quartz",
              "weight": 30
            },
            {
              "name": "actuallyadditions:block_misc",
              "metadata": 3,
              "weight": 15
            },
            {
              "name": "minecraft:quartz_block",
              "weight": 4
            },
            {
              "name": "appliedenergistics2:quartz_block",
              "weight": 1
            },
            {
              "name": "minecraft:stone",
              "weight": 50
            }
          ],
          "material": "minecraft:stone",
          "cluster-size": 32
        },
        "cluster-count": 2,
        "min-height": 1,
        "max-height": 18,
        "retrogen": "true",
        "biome": "all",
        "dimensions": {
          "restriction": "blacklist",
          "value": [
            -1,
            1
          ]
        }
    },
    "apatite_vein": {
        "distribution": "uniform",
        "generator": {
          "block": [
            {
              "name": "forestry:resources",
              "metadata": 0,
              "weight": 15
            },
            {
              "name": "minecraft:dirt",
              "metadata": 1,
              "weight": 30
            },
            {
              "name": "minecraft:sand",
              "weight": 15
            },
            {
              "name": "minecraft:dirt",
              "weight": 40
            }
          ],
          "material": "minecraft:dirt",
          "cluster-size": 32
        },
        "cluster-count": 2,
        "chunk-chance": 4,
        "min-height": 50,
        "max-height": 70,
        "retrogen": "true",
        "biome": "all",
        "dimensions": {
          "restriction": "whitelist",
          "value": [
            0
          ]
        }
    },

    "radioactive_vein": {
      "distribution": "uniform",
      "generator": {
        "block": [
          {
            "name": "nuclearcraft:ore",
            "metadata": 3,
            "weight": 20
          },
          {
            "name": "nuclearcraft:ore",
            "metadata": 4,
            "weight": 10
          },
          {
            "name": "minecraft:stone",
            "metadata": 0,
            "weight": 70
          }
        ],
        "material": "minecraft:stone",
        "cluster-size": 16
      },
      "cluster-count": 1,
      "chunk-chance": 20,
      "min-height": 0,
      "max-height": 20,
      "retrogen": "true",
      "biome": "all",
      "dimensions": {
        "restriction": "whitelist",
        "value": [
          0
        ]
      }
    },

    "wastes_dim_radioactive_vein": {
      "distribution": "uniform",
      "generator": {
        "block": [
          {
            "name": "nuclearcraft:ore",
            "metadata": 3,
            "weight": 45
          },
          {
            "name": "nuclearcraft:ore",
            "metadata": 4,
            "weight": 35
          },
          {
            "name": "minecraft:stone",
            "metadata": 0,
            "weight": 20
          }
        ],
        "material": "minecraft:stone",
        "cluster-size": 32
      },
      "cluster-count": 2,
      "chunk-chance": 5,
      "min-height": 0,
      "max-height": 60,
      "retrogen": "true",
      "biome": "all",
      "dimensions": {
        "restriction": "whitelist",
        "value": [
          4598
        ]
      }
    },

    "nc_ore_vein": {
        "distribution": "uniform",
        "generator": {
          "block": [
            {
              "name": "nuclearcraft:ore",
              "metadata": 5,
              "weight": 40
            },
            {
              "name": "nuclearcraft:ore",
              "metadata": 6,
              "weight": 30
            },
            {
              "name": "nuclearcraft:ore",
              "metadata": 7,
              "weight": 30
            }
          ],
          "material": "minecraft:stone",
          "cluster-size": 32
        },
        "cluster-count": 2,
        "chunk-chance": 3,
        "min-height": 1,
        "max-height": 10,
        "retrogen": "true",
        "biome": "all",
        "dimensions": {
          "restriction": "blacklist",
          "value": [
            -1,
            1
          ]
        }
    },

    "corundum_vein": {
        "distribution": "uniform",
        "generator": {
          "block": [
            {
              "name": "techreborn:ore",
              "metadata": 3
              "weight": 20
            },
            {
              "name": "techreborn:ore",
              "metadata": 2,
              "weight": 20
            },
            {
              "name": "techreborn:ore",
              "metadata": 4,
              "weight": 55
            },
            {
              "name": "projectred-exploration:ore",
              "metadata": 2,
              "weight": 5
            }
          ],
          "material": "minecraft:stone",
          "cluster-size": 8
        },
        "cluster-count": 2,
        "chunk-chance": 5,
        "min-height": 1,
        "max-height": 18,
        "retrogen": "true",
        "biome": "all",
        "dimensions": {
          "restriction": "blacklist",
          "value": [
            -1,
            1
          ]
        }
    },

    "iridescent_vein": {
        "distribution": "uniform",
        "generator": {
          "block": [
            {
              "name": "techreborn:ore",
              "metadata": 3
              "weight": 3
            },
            {
              "name": "techreborn:ore",
              "metadata": 2,
              "weight": 2.5
            },
            {
              "name": "minecraft:emerald_ore",
              "weight": 1.5
            },
            {
              "name": "minecraft:diamond_ore",
              "weight": 1
            },
            {
              "name": "techreborn:ore",
              "metadata": 1,
              "weight": 1
            },
            {
              "name": "draconicevolution:draconium_ore",
              "weight": 0.5
            },
            {
              "name": "astralsorcery:blockcustomore",
              "weight": 0.5
            },
            {
              "name": "minecraft:sea_lantern",
              "weight": 20
            },
            {
              "name": "minecraft:prismarine",
              "weight": 40
            },
            {
              "name": "minecraft:stone",
              "weight": 18
            },
            {
              "name": "projectred-exploration:ore",
              "metadata": 2,
              "weight": 1
            },
            {
              "name": "projectred-exploration:ore",
              "metadata": 6,
              "weight": 1
            }
          ],
          "material": "minecraft:stone",
          "cluster-size": 16
        },
        "cluster-count": 1,
        "chunk-chance": 40,
        "min-height": 1,
        "max-height": 5,
        "retrogen": "true",
        "biome": {
          "restriction": "whitelist",
          "value": [
            {
              "type": "dictionary",
              "entry": "OCEAN"
            }
          ]
        },
        "dimensions": {
          "restriction": "whitelist",
          "value": [
            0
          ]
        }
    },

    "misc_vein": {
        "distribution": "uniform",
        "generator": {
          "block": [
            {
              "name": "libvulpes:ore0",
              "metadata": 8
              "weight": 16
            },
            {
              "name": "techreborn:ore",
              "metadata": 1,
              "weight": 3
            },
            {
              "name": "libvulpes:ore0",
              "metadata": 0,
              "weight": 16
            },
            {
              "name": "rftools:dimensional_shard_ore",
              "metadata": 0,
              "weight": 4
            },
            {
              "name": "draconicevolution:draconium_ore",
              "metadata": 0,
              "weight": 1
            },
            {
              "name": "minecraft:stone",
              "metadata": 0,
              "weight": 60
            }
          ],
          "material": "minecraft:stone",
          "cluster-size": 10
        },
        "cluster-count": 1,
        "chunk-chance": 10,
        "min-height": 1,
        "max-height": 14,
        "retrogen": "true",
        "biome": "all",
        "dimensions": {
          "restriction": "whitelist",
          "value": [
            0
          ]
        }
    },
    "mars_iron_vein": {
        "distribution": "uniform",
        "generator": {
          "block": [
            {
              "name": "minecraft:iron_ore",
              "weight": 80
            },
            {
              "name": "minecraft:iron_block",
              "weight": 10
            },
            {
              "name": "embers:ore_nickel",
              "weight": 10
            }
          ],
          "material": "minecraft:stone",
          "cluster-size": 100
        },
        "cluster-count": 5,
        "chunk-chance": 2,
        "min-height": 1,
        "max-height": 30,
        "retrogen": "true",
        "biome": "all",
        "dimensions": {
          "restriction": "whitelist",
          "value": [
            34
          ]
        }
    },
    "mars_surface": {
        "distribution": "uniform",
        "generator": {
          "block": [
            {
              "name": "advancedrocketry:hotturf",
              "weight": 60
            },
            {
              "name": "minecraft:sand",
              "metadata": 1,
              "weight": 30
            },
            {
              "name": "minecraft:iron_ore",
              "weight": 10
            }
          ],
          "material": "advancedrocketry:hotturf",
          "cluster-size": 100
        },
        "cluster-count": 5,
        "chunk-chance": 2,
        "min-height": 60,
        "max-height": 80,
        "retrogen": "true",
        "biome": "all",
        "dimensions": {
          "restriction": "whitelist",
          "value": [
            34
          ]
        }
    },
    "mars_mixed_vein": {
        "distribution": "uniform",
        "generator": {
          "block": [
            {
              "name": "forestry:resources",
              "metadata": 1,
              "weight": 50
            },
            {
              "name": "forestry:resources",
              "metadata": 2,
              "weight": 40
            },
            {
              "name": "minecraft:gold_ore",
              "weight": 10
            }
          ],
          "material": "minecraft:stone",
          "cluster-size": 20
        },
        "cluster-count": 4,
        "chunk-chance": 4,
        "min-height": 1,
        "max-height": 80,
        "retrogen": "true",
        "biome": "all",
        "dimensions": {
          "restriction": "whitelist",
          "value": [
            34
          ]
        }
    },
    "deimos_surface_vein_moon": {
        "distribution": "uniform",
        "generator": {
          "block": [
            {
              "name": "minecraft:diamond_ore",
              "weight": 1
            },
            {
              "name": "minecraft:emerald_ore",
              "weight": 1
            },
            {
              "name": "minecraft:gold_ore",
              "weight": 2
            },
            {
              "name": "embers:ore_aluminum",
              "weight": 3
            },
            {
              "name": "immersiveengineering:ore",
              "metadata": 2,
              "weight": 2
            },
            {
              "name": "immersiveengineering:ore",
              "metadata": 3,
              "weight": 2
            },
            {
              "name": "mekanism:oreblock",
              "weight": 2
            },
            {
              "name": "projectred-exploration:ore",
              "metadata": 2,
              "weight": 1
            },
            {
              "name": "techreborn:ore",
              "metadata": 1,
              "weight": 1
            },
            {
              "name": "techreborn:ore",
              "metadata": 2,
              "weight": 1
            },
            {
              "name": "techreborn:ore",
              "metadata": 3,
              "weight": 1
            },
            {
              "name": "advancedrocketry:moonturf",
              "weight": 50
            }
          ],
          "material": "advancedrocketry:moonturf",
          "cluster-size": 20
        },
        "cluster-count": 4,
        "chunk-chance": 100,
        "min-height": 40,
        "max-height": 80,
        "retrogen": "true",
        "biome": "all",
        "dimensions": {
          "restriction": "whitelist",
          "value": [
            35
          ]
        }
    },
    "deimos_surface_vein_moondark": {
        "distribution": "uniform",
        "generator": {
          "block": [
            {
              "name": "minecraft:diamond_ore",
              "weight": 2
            },
            {
              "name": "minecraft:emerald_ore",
              "weight": 2
            },
            {
              "name": "minecraft:gold_ore",
              "weight": 4
            },
            {
              "name": "embers:ore_aluminum",
              "weight": 6
            },
            {
              "name": "immersiveengineering:ore",
              "metadata": 2,
              "weight": 4
            },
            {
              "name": "immersiveengineering:ore",
              "metadata": 3,
              "weight": 4
            },
            {
              "name": "mekanism:oreblock",
              "weight": 4
            },
            {
              "name": "projectred-exploration:ore",
              "metadata": 2,
              "weight": 2
            },
            {
              "name": "techreborn:ore",
              "metadata": 1,
              "weight": 2
            },
            {
              "name": "techreborn:ore",
              "metadata": 2,
              "weight": 2
            },
            {
              "name": "techreborn:ore",
              "metadata": 3,
              "weight": 2
            },
            {
              "name": "advancedrocketry:moonturf_dark",
              "weight": 50
            }
          ],
          "material": "advancedrocketry:moonturf_dark",
          "cluster-size": 20
        },
        "cluster-count": 4,
        "chunk-chance": 200,
        "min-height": 40,
        "max-height": 80,
        "retrogen": "true",
        "biomes": {
          "restriction": "whitelist",
          "value": [
            60
          ]
        },
        "dimensions": {
          "restriction": "whitelist",
          "value": [
            34
          ]
        }
    }

  }
}
